grade_id,enrollment_id,internal_marks,external_marks
1,1,20.6,59.5
2,2,22.2,49.8
3,3,25.3,57.0
4,4,19.6,53.4
5,5,18.4,62.1
6,6,22.7,67.5
7,7,23.9,61.7
8,8,23.2,53.5
9,9,25.0,50.7
10,10,20.3,62.4
11,11,26.3,66.9
12,12,23.6,61.8
13,13,18.6,57.5
14,14,28.1,59.3
15,15,19.3,48.6
16,16,19.7,42.5
17,17,11.0,45.8
18,18,18.2,30.4
19,19,22.7,52.2
20,20,19.5,33.1
21,21,14.0,42.8
22,22,12.1,44.9
23,23,24.4,39.0
24,24,14.2,29.6
25,25,21.4,29.0
26,26,18.8,28.7
27,27,20.7,33.2
28,28,16.1,40.7
29,29,21.7,67.7
30,30,26.7,60.6
31,31,27.8,57.8
32,32,23.2,57.4
33,33,28.3,49.8
34,34,24.8,55.5
35,35,25.1,41.3
36,36,24.9,46.2
37,37,22.6,55.4
38,38,21.6,61.7
39,39,28.6,41.8
40,40,28.0,56.2
41,41,29.2,56.7
42,42,26.0,59.9
43,43,25.2,48.2
44,44,26.7,48.2
45,45,27.8,55.0
46,46,25.8,45.0
47,47,25.2,56.3
48,48,28.1,62.4
49,49,22.7,56.2
50,50,18.9,43.9
51,51,26.4,54.3
52,52,19.2,48.0
53,53,26.9,53.3
54,54,25.2,65.8
55,55,23.8,52.9
56,56,23.2,61.1
57,57,28.3,44.5
58,58,29.1,52.6
59,59,20.5,59.5
60,60,20.0,44.5
61,61,20.5,59.5
62,62,28.4,44.4
63,63,26.7,51.5
64,64,22.7,50.6
65,65,26.1,51.4
66,66,25.8,48.9
67,67,21.6,52.1
68,68,25.2,62.1
69,69,23.4,45.6
70,70,25.4,52.0
71,71,22.0,51.1
72,72,20.6,60.2
73,73,24.3,49.7
74,74,26.4,58.1
75,75,29.4,51.7
76,76,24.8,49.4
77,77,18.1,43.8
78,78,25.3,59.4
79,79,25.6,56.5
80,80,23.1,70
81,81,25.4,55.7
82,82,22.3,55.9
83,83,28.2,52.1
84,84,21.1,55.5
85,85,21.6,43.9
86,86,13.4,29.0
87,87,12.6,54.9
88,88,17.1,53.1
89,89,21.6,37.8
90,90,17.8,35.1
91,91,21.3,48.5
92,92,18.3,47.0
93,93,17.7,29.5
94,94,25.3,31.9
95,95,14.5,45.7
96,96,25.3,29.8
97,97,20.7,47.4
98,98,14.8,44.2
99,99,17.4,40.2
100,100,18.5,26.5
101,101,19.8,54.8
102,102,25.0,40.0
103,103,19.2,33.8
104,104,21.2,36.8
105,105,15.9,31.3
106,106,16.9,47.4
107,107,21.2,33.0
108,108,16.7,63
109,109,15.7,42.4
110,110,23.0,38.1
111,111,16.3,29.5
112,112,20.4,48.8
113,113,27.2,56.8
114,114,20.7,59.1
115,115,29.1,53.4
116,116,24.8,56.1
117,117,25.9,68.3
118,118,29.1,51.7
119,119,27.3,52.6
120,120,29.3,38.1
121,121,22.2,52.8
122,122,25.0,51.2
123,123,25.8,41.4
124,124,25.0,55.5
125,125,21.1,50.1
126,126,22.3,53.5
127,127,26.7,19.5
128,128,19.7,57.2
129,129,18.8,24.4
130,130,14.5,49.7
131,131,17.9,40.1
132,132,24.6,25.1
133,133,14.6,38.2
134,134,14.1,47.8
135,135,8.6,45.0
136,136,14.4,24.2
137,137,24.4,36.0
138,138,19.8,38.1
139,139,12.9,23.5
140,140,17.3,41.8
141,141,13.6,30.3
142,142,12.7,37.3
143,143,7.7,25.5
144,144,17.1,40.2
145,145,7.4,28.2
146,146,10.4,19.5
147,147,19.2,16.2
148,148,8.8,28.3
149,149,9.7,16.9
150,150,15.0,19.5
151,151,16.0,28.1
152,152,16.4,21.6
153,153,21.3,20.0
154,154,16.7,0.3
155,155,14.0,44.8
156,156,19.9,19.8
157,157,18.7,30.0
158,158,17.7,23.2
159,159,16.7,44.7
160,160,10.0,27.9
161,161,23.1,12.6
162,162,15.0,14.4
163,163,13.2,17.9
164,164,7.2,38.2
165,165,6.8,19.5
166,166,17.4,0.7
167,167,4.5,21.5
168,168,14.3,15.4
169,169,29.6,68.0
170,170,26.6,58.4
171,171,22.8,59.3
172,172,20.9,49.1
173,173,27.8,59.7
174,174,27.8,56.4
175,175,30,50.8
176,176,20.7,66.2
177,177,27.2,57.1
178,178,26.7,57.6
179,179,26.0,54.6
180,180,30,54.1
181,181,26.8,47.2
182,182,25.8,50.3
183,183,24.0,39.0
184,184,25.2,52.8
185,185,14.6,53.7
186,186,22.1,40.8
187,187,12.5,37.3
188,188,19.8,28.2
189,189,9.4,39.4
190,190,17.2,53.6
191,191,26.8,39.8
192,192,10.2,41.3
193,193,18.0,45.1
194,194,15.2,30.7
195,195,15.0,49.2
196,196,14.8,39.6
197,197,17.5,20.1
198,198,11.1,37.3
199,199,12.3,36.0
200,200,21.3,23.6
201,201,15.8,30.3
202,202,13.8,18.3
203,203,23.1,34.2
204,204,10.6,16.0
205,205,19.7,22.3
206,206,10.0,21.7
207,207,14.9,14.4
208,208,15.2,27.3
209,209,18.9,0
210,210,5.6,9.7
211,211,25.5,39.3
212,212,25.7,58.5
213,213,27.7,62.7
214,214,24.9,50.1
215,215,23.4,60.7
216,216,19.9,46.8
217,217,25.0,52.8
218,218,22.0,57.6
219,219,23.2,57.5
220,220,24.2,57.8
221,221,22.5,54.0
222,222,26.0,54.8
223,223,29.8,51.0
224,224,24.8,55.8
225,225,17.6,28.7
226,226,26.2,48.7
227,227,28.0,42.6
228,228,14.4,34.0
229,229,18.0,49.9
230,230,23.6,61.4
231,231,25.6,50.1
232,232,14.9,33.5
233,233,18.9,32.9
234,234,24.0,46.5
235,235,21.4,56.2
236,236,19.2,45.6
237,237,13.6,29.9
238,238,22.0,55.4
239,239,22.4,41.9
240,240,27.6,54.5
241,241,25.7,57.1
242,242,24.2,60.3
243,243,22.4,54.7
244,244,30,59.6
245,245,28.9,44.6
246,246,21.7,54.7
247,247,19.8,59.0
248,248,23.5,62.2
249,249,19.8,58.9
250,250,23.2,54.9
251,251,28.6,54.5
252,252,20.6,66.8
253,253,20.4,26.0
254,254,24.0,48.4
255,255,18.0,25.6
256,256,16.4,51.4
257,257,16.8,53.6
258,258,23.3,51.4
259,259,13.6,34.8
260,260,15.4,23.5
261,261,24.0,48.3
262,262,22.4,41.0
263,263,15.3,54.3
264,264,21.3,40.0
265,265,14.0,39.4
266,266,22.5,42.1
267,267,23.0,56.1
268,268,18.8,37.1
269,269,24.4,37.4
270,270,19.3,47.4
271,271,21.2,36.3
272,272,15.8,41.9
273,273,8.7,35.5
274,274,19.7,34.8
275,275,13.9,24.2
276,276,17.8,28.3
277,277,21.0,43.0
278,278,21.6,48.6
279,279,22.4,21.0
280,280,15.5,45.1
281,281,14.7,36.6
282,282,14.7,22.7
283,283,13.1,22.8
284,284,5.9,13.6
285,285,14.6,33.6
286,286,6.3,36.0
287,287,15.8,30.1
288,288,21.4,38.9
289,289,19.1,26.2
290,290,13.0,25.5
291,291,9.3,19.2
292,292,14.0,21.4
293,293,0,17.6
294,294,6.9,26.2
295,295,19.9,31.1
296,296,19.9,23.8
297,297,23.8,43.5
298,298,21.9,26.7
299,299,14.1,26.5
300,300,21.6,41.5
301,301,21.6,34.3
302,302,13.1,51.0
303,303,24.6,43.3
304,304,19.8,37.6
305,305,18.0,57.7
306,306,18.6,18.8
307,307,23.6,38.1
308,308,23.3,34.5
309,309,13.1,28.8
310,310,18.3,43.7
311,311,17.1,52.7
312,312,17.6,31.4
313,313,15.8,32.9
314,314,24.1,46.5
315,315,20.9,25.7
316,316,22.4,50.7
317,317,20.5,40.8
318,318,12.7,58.6
319,319,14.8,18
320,320,19.4,27.0
321,321,14.4,48.7
322,322,21.5,41.0
323,323,20.0,24.6
324,324,14.0,18
325,325,20.0,43.0
326,326,26.3,39.7
327,327,15.9,26.3
328,328,25.1,27.7
329,329,20.3,28.5
330,330,19.8,32.9
331,331,15.7,50.0
332,332,17.7,37.3
333,333,25.4,40.0
334,334,19.9,21.5
335,335,24.6,37.5
336,336,17.4,31.7
337,337,25.9,53.7
338,338,26.0,58.4
339,339,21.0,68.7
340,340,25.0,64.9
341,341,26.8,59.2
342,342,23.2,54.9
343,343,27.0,63.6
344,344,27.1,47.5
345,345,29.1,57.8
346,346,22.0,45.3
347,347,22.7,48.7
348,348,23.1,70
349,349,26.5,45.0
350,350,25.9,56.1
351,351,12.5,32.7
352,352,16.6,27.2
353,353,9.9,24.7
354,354,13.6,35.5
355,355,12.8,37.5
356,356,24.0,23.0
357,357,14.2,30.5
358,358,8.8,25.1
359,359,18.7,21.0
360,360,11.7,23.4
361,361,4.3,10.9
362,362,2.8,17.6
363,363,17.3,8.1
364,364,12.9,19.9
365,365,23.2,45.3
366,366,21.5,27.6
367,367,20.2,43.3
368,368,15.4,36.6
369,369,15.8,33.9
370,370,25.1,43.8
371,371,16.7,39.3
372,372,24.9,57.8
373,373,14.7,48.6
374,374,15.0,33.4
375,375,18.1,31.8
376,376,14.9,51.0
377,377,20.9,24.6
378,378,16.4,35.5
379,379,21.7,52.4
380,380,22.6,52.1
381,381,20.6,50.0
382,382,16.7,43.5
383,383,23.6,28.3
384,384,13.9,38.5
385,385,15.6,38.6
386,386,22.1,35.2
387,387,17.0,35.8
388,388,16.3,37.5
389,389,17.3,25.3
390,390,13.9,41.6
391,391,17.8,52.7
392,392,22.2,33.9
393,393,20.6,38.9
394,394,15.3,26.2
395,395,20.5,33.0
396,396,22.6,50.5
397,397,19.3,54.9
398,398,18.1,37.5
399,399,18.6,35.5
400,400,24.1,40.4
401,401,11.2,52.9
402,402,16.4,40.9
403,403,16.5,53.0
404,404,17.3,34.1
405,405,21.1,36.8
406,406,20.0,38.9
407,407,27.9,34.6
408,408,24.2,40.8
409,409,16.4,63
410,410,9.6,40.9
411,411,16.4,41.3
412,412,21.3,49.4
413,413,22.6,40.8
414,414,22.6,57.6
415,415,21.2,29.3
416,416,17.8,34.4
417,417,17.7,46.8
418,418,19.6,56.7
419,419,16.9,55.2
420,420,15.5,27.4
421,421,22.1,59.6
422,422,20.4,42.3
423,423,26.4,70
424,424,16.4,60.9
425,425,23.0,40.2
426,426,27.3,44.5
427,427,21.4,53.6
428,428,26.3,53.3
429,429,26.1,63.3
430,430,27.0,49.0
431,431,18.6,56.1
432,432,21.6,57.4
433,433,28.1,57.8
434,434,20.6,62.8
435,435,24.4,57.1
436,436,28.4,54.3
437,437,25.7,58.4
438,438,27.8,53.5
439,439,29.5,43.9
440,440,23.2,45.6
441,441,23.4,49.7
442,442,23.8,57.3
443,443,25.3,35.6
444,444,24.4,47.8
445,445,25.0,61.5
446,446,29.5,50.7
447,447,26.1,48.2
448,448,25.4,58.1
449,449,18.8,29.9
450,450,19.2,22.7
451,451,21.9,39.7
452,452,12.9,31.9
453,453,19.7,60.4
454,454,19.6,48.3
455,455,16.0,32.5
456,456,28.0,35.9
457,457,19.8,31.5
458,458,21.3,47.8
459,459,19.2,47.1
460,460,22.0,19.2
461,461,24.0,37.4
462,462,19.1,46.7
463,463,19.5,52.1
464,464,22.1,61.7
465,465,26.9,66.0
466,466,19.0,56.8
467,467,25.5,54.7
468,468,24.9,43.3
469,469,24.1,48.3
470,470,23.9,60.1
471,471,23.5,50.2
472,472,27.5,49.7
473,473,27.5,51.5
474,474,23.0,53.1
475,475,24.5,70
476,476,24.4,59.4
477,477,9.9,32.5
478,478,19.4,28.5
479,479,12.7,44.0
480,480,22.2,49.7
481,481,11.4,37.1
482,482,19.4,29.7
483,483,21.1,42.4
484,484,17.6,41.0
485,485,18.6,38.5
486,486,23.9,40.9
487,487,26.3,42.0
488,488,22.0,19.4
489,489,16.1,38.9
490,490,18.9,49.4
491,491,22.8,56.3
492,492,22.7,42.6
493,493,25.1,51.9
494,494,24.0,54.2
495,495,30,61.7
496,496,19.6,49.4
497,497,26.9,52.5
498,498,24.1,70
499,499,24.3,54.3
500,500,28.9,52.8
501,501,23.8,63.6
502,502,23.3,47.2
503,503,26.2,44.6
504,504,24.9,48.6
505,505,8.6,19.5
506,506,18.4,26.3
507,507,9.3,28.6
508,508,16.6,40.2
509,509,14.6,19.7
510,510,16.5,30.9
511,511,12.1,29.3
512,512,5.1,30.8
513,513,17.6,30.5
514,514,10.8,24.6
515,515,5.8,17.5
516,516,17.4,22.8
517,517,21.3,3.5
518,518,13.7,27.6
519,519,26.1,58.4
520,520,23.4,66.6
521,521,29.5,51.2
522,522,22.5,49.8
523,523,28.0,55.3
524,524,25.9,49.1
525,525,27.4,42.3
526,526,23.7,64.0
527,527,22.0,70
528,528,24.6,45.1
529,529,23.9,60.0
530,530,27.9,60.9
531,531,27.2,65.8
532,532,26.9,53.3
533,533,17.0,34.5
534,534,17.5,22.8
535,535,23.6,39.3
536,536,26.2,30.7
537,537,20.0,30.9
538,538,21.3,44.8
539,539,21.8,51.9
540,540,22.5,38.1
541,541,20.4,42.8
542,542,18.9,27.2
543,543,15.2,43.3
544,544,27.1,63
545,545,16.5,61.6
546,546,22.2,25.9
547,547,22.2,54.1
548,548,24.4,47.4
549,549,29.5,58.1
550,550,22.3,46.6
551,551,21.2,54.1
552,552,22.0,58.5
553,553,26.7,64.2
554,554,29.1,56.8
555,555,22.5,51.2
556,556,24.2,65.7
557,557,29.9,63.5
558,558,23.5,61.9
559,559,27.4,48.5
560,560,21.6,49.5
561,561,13.6,27.7
562,562,23.7,33.5
563,563,17.9,46.8
564,564,17.5,43.9
565,565,14.7,32.6
566,566,14.1,41.0
567,567,14.6,36.1
568,568,17.3,50.1
569,569,23.4,36.6
570,570,23.6,37.3
571,571,17.3,30.5
572,572,17.3,40.3
573,573,18.2,47.7
574,574,21.2,49.6
575,575,16.2,36.5
576,576,12.5,35.6
577,577,8.0,31.3
578,578,14.5,63
579,579,14.7,55.0
580,580,19.5,32.7
581,581,22.5,29.5
582,582,13.8,28.3
583,583,20.8,27.8
584,584,17.0,36.5
585,585,18.2,47.6
586,586,25.0,38.6
587,587,25.8,35.9
588,588,27.0,39.1
589,589,24.0,59.7
590,590,27.7,62.7
591,591,24.2,57.0
592,592,22.6,54.4
593,593,27.5,53.1
594,594,24.6,47.3
595,595,25.9,48.2
596,596,22.4,55.2
597,597,23.5,53.9
598,598,29.0,47.7
599,599,21.0,45.5
600,600,26.6,53.2
601,601,28.2,54.6
602,602,23.0,68.5
603,603,28.9,60.1
604,604,29.0,58.1
605,605,22.4,46.0
606,606,23.4,55.5
607,607,24.8,54.1
608,608,28.1,54.5
609,609,27.7,58.0
610,610,22.6,68.3
611,611,25.7,43.4
612,612,26.7,54.8
613,613,29.3,55.5
614,614,24.3,45.3
615,615,22.6,50.0
616,616,26.3,52.7
617,617,18.1,45.0
618,618,19.1,53.6
619,619,20.1,24.9
620,620,20.5,53.1
621,621,18.6,43.2
622,622,17.0,40.2
623,623,8.1,35.1
624,624,24.4,54.6
625,625,15.0,51.3
626,626,25.6,35.2
627,627,21.8,40.6
628,628,22.8,36.8
629,629,19.5,29.6
630,630,15.8,30.4
631,631,23.0,54.7
632,632,23.2,63.2
633,633,23.4,50.3
634,634,26.2,56.1
635,635,21.1,57.8
636,636,24.7,43.5
637,637,23.8,44.5
638,638,28.5,52.5
639,639,21.5,63.4
640,640,25.1,53.3
641,641,22.7,54.2
642,642,27.9,58.6
643,643,21.1,55.0
644,644,25.0,58.3
645,645,24.1,54.9
646,646,27.7,56.9
647,647,30,49.2
648,648,22.7,58.0
649,649,24.8,57.8
650,650,18.5,54.8
651,651,27.8,36.4
652,652,29.3,45.2
653,653,27.8,59.0
654,654,23.6,66.8
655,655,21.1,57.1
656,656,24.6,46.2
657,657,28.1,55.3
658,658,21.7,66.0
659,659,18.7,35.4
660,660,10.1,52.3
661,661,26.5,52.4
662,662,11.7,51.0
663,663,14.9,34.2
664,664,23.6,45.9
665,665,19.3,47.8
666,666,17.0,24.5
667,667,18.8,43.9
668,668,20.0,27.0
669,669,21.3,49.6
670,670,8.9,34.2
671,671,17.9,47.3
672,672,22.3,52.7
673,673,26.9,57.9
674,674,20.5,54.1
675,675,28.0,56.4
676,676,25.0,49.7
677,677,25.5,51.4
678,678,29.1,37.6
679,679,26.3,49.0
680,680,28.4,59.7
681,681,27.0,54.9
682,682,25.5,52.1
683,683,28.2,57.1
684,684,20.6,59.6
685,685,22.7,60.0
686,686,27.0,51.9
687,687,21.8,48.2
688,688,27.5,49.6
689,689,22.7,59.9
690,690,25.1,70
691,691,30,54.2
692,692,21.7,52.8
693,693,24.0,60.0
694,694,24.4,54.0
695,695,26.2,47.6
696,696,30,55.0
697,697,23.7,50.4
698,698,17.4,45.9
699,699,30,46.4
700,700,25.2,61.1
701,701,21.4,51.5
702,702,23.2,53.9
703,703,28.8,58.3
704,704,22.3,55.9
705,705,26.0,49.0
706,706,26.6,56.4
707,707,28.4,43.6
708,708,23.8,45.1
709,709,23.6,60.3
710,710,27.0,37.8
711,711,28.6,70
712,712,25.7,64.2
713,713,23.4,65.0
714,714,24.0,38.1
715,715,19.6,45.5
716,716,24.1,52.5
717,717,24.4,57.5
718,718,28.1,67.7
719,719,21.0,43.8
720,720,24.8,60.3
721,721,24.9,58.3
722,722,21.3,62.5
723,723,22.1,55.3
724,724,27.8,59.8
725,725,25.1,50.0
726,726,25.2,53.3
727,727,24.9,58.3
728,728,26.4,52.3
729,729,24.0,26.0
730,730,16.8,25.9
731,731,18.2,31.0
732,732,11.4,12.9
733,733,11.8,20.9
734,734,9.1,35.9
735,735,13.5,25.3
736,736,16.2,12.5
737,737,15.9,28.9
738,738,10.7,25.8
739,739,4.9,23.0
740,740,8.5,28.3
741,741,11.9,21.8
742,742,10.5,36
743,743,15.4,24.2
744,744,11.8,33.7
745,745,14.7,46.1
746,746,16.4,36.8
747,747,12.8,52.0
748,748,14.7,34.8
749,749,23.9,51.5
750,750,26.2,36.8
751,751,8.4,53.8
752,752,24.6,39.8
753,753,16.3,54.6
754,754,23.4,46.6
755,755,22.0,30.5
756,756,20.3,26.4
757,757,27.4,62.5
758,758,23.7,53.8
759,759,29.5,45.2
760,760,22.8,47.5
761,761,26.4,61.3
762,762,23.7,48.6
763,763,24.7,52.9
764,764,25.5,54.1
765,765,24.3,63.0
766,766,30,69.2
767,767,24.6,62.2
768,768,25.8,59.5
769,769,25.4,41.0
770,770,25.3,52.5
771,771,26.9,55.8
772,772,25.0,62.7
773,773,24.2,67.9
774,774,24.0,52.3
775,775,22.2,61.8
776,776,22.6,51.6
777,777,25.0,44.3
778,778,23.6,57.7
779,779,27.7,47.1
780,780,22.9,48.2
781,781,28.7,49.7
782,782,25.7,64.5
783,783,24.0,69.7
784,784,25.0,62.8
785,785,28.0,41.8
786,786,14.0,34.9
787,787,17.2,29.5
788,788,14.0,24.6
789,789,20.8,51.2
790,790,21.5,23.1
791,791,15.8,27.2
792,792,11.3,18
793,793,13.6,49.2
794,794,15.5,53.2
795,795,24.0,31.7
796,796,23.3,24.2
797,797,17.8,50.9
798,798,18.2,27.4
799,799,27.4,58.5
800,800,25.6,48.9
801,801,23.4,68.1
802,802,27.7,48.1
803,803,23.1,55.8
804,804,23.1,59.0
805,805,26.3,58.6
806,806,30,42.2
807,807,26.2,51.6
808,808,20.6,70
809,809,28.1,57.7
810,810,23.4,53.1
811,811,21.8,48.5
812,812,27.9,53.5
813,813,28.9,47.6
814,814,25.3,55.1
815,815,24.0,49.0
816,816,22.0,61.2
817,817,26.1,49.7
818,818,24.4,45.7
819,819,30,40.1
820,820,23.8,58.5
821,821,25.7,66.2
822,822,24.6,45.7
823,823,22.1,62.5
824,824,26.6,51.2
825,825,30,61.8
826,826,25.5,53.1
827,827,14.7,36.7
828,828,17.1,26.7
829,829,15.9,27.5
830,830,11.5,50.4
831,831,17.6,57.2
832,832,13.6,29.0
833,833,22.7,38.4
834,834,21.7,50.7
835,835,17.3,29.4
836,836,20.7,40.3
837,837,20.0,43.5
838,838,18.7,35.4
839,839,8.4,47.4
840,840,26.0,45.7
841,841,23.1,65.6
842,842,26.6,55.2
843,843,22.0,68.1
844,844,26.0,52.9
845,845,27.3,59.6
846,846,27.4,45.8
847,847,21.8,44.9
848,848,24.7,52.7
849,849,21.5,59.7
850,850,21.2,58.6
851,851,29.5,56.9
852,852,26.3,53.4
853,853,27.2,56.6
854,854,23.7,44.9
855,855,12.9,37.8
856,856,17.4,33.6
857,857,23.5,55.0
858,858,28.0,41.7
859,859,23.8,23.8
860,860,17.5,48.1
861,861,13.9,39.4
862,862,19.7,36.3
863,863,23.0,46.2
864,864,25.6,38.0
865,865,18.1,41.5
866,866,22.3,24.3
867,867,23.0,31.8
868,868,22.6,37.1
869,869,25.4,45.6
870,870,28.8,62.8
871,871,21.9,66.1
872,872,20.4,53.5
873,873,19.4,55.6
874,874,24.9,59.6
875,875,26.2,67.8
876,876,27.4,59.5
877,877,20.6,48.6
878,878,20.9,40.3
879,879,29.9,55.3
880,880,26.8,48.2
881,881,24.3,51.0
882,882,21.9,61.2
883,883,29.4,49.0
884,884,30,50.8
885,885,27.6,62.3
886,886,27.1,47.6
887,887,23.6,51.5
888,888,22.4,40.5
889,889,26.9,54.3
890,890,24.3,58.1
891,891,21.1,56.1
892,892,24.9,41.6
893,893,26.3,47.1
894,894,27.7,63.3
895,895,25.0,50.9
896,896,25.0,68.4
897,897,25.5,52.0
898,898,24.8,46.0
899,899,26.1,42.8
900,900,27.8,57.0
901,901,23.5,63.2
902,902,26.8,68.5
903,903,29.0,49.2
904,904,25.1,46.2
905,905,26.3,37.2
906,906,27.0,64.5
907,907,24.9,51.5
908,908,24.6,60.4
909,909,25.2,54.4
910,910,30,59.0
911,911,23.3,66.7
912,912,29.2,59.9
913,913,28.5,52.7
914,914,21.8,59.4
915,915,25.4,59.8
916,916,23.6,58.8
917,917,21.2,56.4
918,918,27.1,59.3
919,919,21.8,48.6
920,920,27.2,50.5
921,921,24.8,66.2
922,922,26.3,48.9
923,923,22.5,55.5
924,924,24.5,57.6
925,925,17.1,35.1
926,926,21.8,32.1
927,927,12.9,36.3
928,928,13.3,21.1
929,929,25.3,42.4
930,930,21.2,42.8
931,931,16.4,36.7
932,932,14.7,49.1
933,933,24.9,41.6
934,934,15.5,29.2
935,935,18.5,36.3
936,936,24.5,50.9
937,937,17.2,62.4
938,938,19.4,37.8
939,939,23.8,64.5
940,940,30,43.2
941,941,25.4,54.7
942,942,25.2,55.5
943,943,17.9,51.1
944,944,24.9,39.9
945,945,21.3,60.3
946,946,26.1,59.2
947,947,28.4,61.9
948,948,29.1,41.9
949,949,24.3,52.8
950,950,28.9,61.5
951,951,22.2,63.2
952,952,24.8,57.6
953,953,16.5,34.3
954,954,15.5,36.2
955,955,20.7,47.6
956,956,17.7,26.1
957,957,23.3,52.1
958,958,15.3,42.2
959,959,16.6,38.0
960,960,23.3,23.4
961,961,18.3,60.8
962,962,25.1,27.8
963,963,21.0,27.9
964,964,23.2,33.0
965,965,17.7,35.3
966,966,23.1,31.6
967,967,9.0,27.3
968,968,8.9,11.4
969,969,15.9,32.5
970,970,13.5,16.5
971,971,15.1,39.3
972,972,13.0,30.2
973,973,17.1,19.8
974,974,14.1,23.1
975,975,11.4,13.4
976,976,7.4,18.8
977,977,7.4,32.9
978,978,12.1,39
979,979,3.6,29.3
980,980,14.1,0
981,981,25.5,63.3
982,982,26.0,58.3
983,983,23.4,48.9
984,984,21.6,55.9
985,985,28.0,66.2
986,986,28.8,57.4
987,987,24.4,53.6
988,988,27.2,56.9
989,989,28.9,52.5
990,990,29.8,56.3
991,991,25.9,64.4
992,992,27.7,66.6
993,993,26.5,42.5
994,994,23.7,50.4
995,995,14.6,37.8
996,996,16.9,45
997,997,17.2,15.9
998,998,19.5,20.2
999,999,14.0,23.6
1000,1000,19.0,9.2
1001,1001,4.1,34.7
1002,1002,14.3,42
1003,1003,6.1,16.3
1004,1004,9.7,28.5
1005,1005,10.1,39
1006,1006,15.1,36.6
1007,1007,11.7,19.8
1008,1008,9.3,21.6
1009,1009,13.9,34.6
1010,1010,19.1,29.7
1011,1011,21.2,51.5
1012,1012,24.2,39.1
1013,1013,18.3,20.4
1014,1014,18.9,29.1
1015,1015,22.9,47.0
1016,1016,20.7,26.9
1017,1017,24.5,61.9
1018,1018,21.0,29.9
1019,1019,21.7,44.1
1020,1020,14.0,29.8
1021,1021,15.3,32.0
1022,1022,26.0,33.8
1023,1023,24.5,21.4
1024,1024,21.4,56.5
1025,1025,17.2,26.9
1026,1026,15.3,51.3
1027,1027,26.0,39.7
1028,1028,16.8,43.7
1029,1029,23.4,33.9
1030,1030,14.8,55.0
1031,1031,15.1,42.9
1032,1032,21.2,50.6
1033,1033,15.4,39.8
1034,1034,26.9,34.5
1035,1035,15.4,18
1036,1036,19.8,23.3
1037,1037,17.7,19.3
1038,1038,7.5,39.9
1039,1039,15.6,18.2
1040,1040,6.4,24.5
1041,1041,12.8,37.8
1042,1042,11.0,25.9
1043,1043,14.4,37.8
1044,1044,9.8,25.0
1045,1045,14.0,31.5
1046,1046,14.4,28.9
1047,1047,5.8,10.9
1048,1048,15.0,14.1
1049,1049,19.6,6.7
1050,1050,0,20.7
1051,1051,12.5,26.5
1052,1052,15.2,27.0
1053,1053,19.5,14.7
1054,1054,12.2,17.5
1055,1055,11.8,19.3
1056,1056,7.6,43.2
1057,1057,12.8,32.9
1058,1058,15.2,34.6
1059,1059,9.8,32.6
1060,1060,0.6,12.9
1061,1061,10.6,4.2
1062,1062,14.2,16.8
1063,1063,12.4,13.1
1064,1064,21.0,18.5
1065,1065,25.0,68.8
1066,1066,26.5,57.4
1067,1067,20.8,56.4
1068,1068,24.8,61.6
1069,1069,23.3,61.0
1070,1070,26.9,53.9
1071,1071,23.9,51.5
1072,1072,23.4,62.5
1073,1073,23.2,58.9
1074,1074,27.9,47.6
1075,1075,22.3,48.3
1076,1076,26.1,59.3
1077,1077,24.4,60.3
1078,1078,24.6,62.5
1079,1079,22.9,57.0
1080,1080,14.0,19.8
1081,1081,20.0,49.8
1082,1082,23.2,35.6
1083,1083,19.6,27.9
1084,1084,18.8,45.8
1085,1085,17.9,47.0
1086,1086,17.5,36.2
1087,1087,24.8,42.6
1088,1088,22.0,31.5
1089,1089,16.9,38.4
1090,1090,15.3,34.0
1091,1091,13.3,37.9
1092,1092,16.1,40.8
1093,1093,18.8,48.5
1094,1094,22.1,22.2
1095,1095,18.5,40.2
1096,1096,23.3,36.3
1097,1097,20.6,27.1
1098,1098,16.5,38.1
1099,1099,17.1,43.7
1100,1100,20.3,33.8
1101,1101,15.6,31.5
1102,1102,17.6,56.1
1103,1103,12.3,50.2
1104,1104,17.6,53.8
1105,1105,18.2,53.8
1106,1106,20.3,40.4
1107,1107,24.4,66.0
1108,1108,25.4,55.6
1109,1109,20.4,60.9
1110,1110,19.8,57.8
1111,1111,29.1,40.7
1112,1112,25.2,52.3
1113,1113,27.0,67.6
1114,1114,28.7,63.3
1115,1115,25.4,47.5
1116,1116,20.0,57.9
1117,1117,28.4,54.1
1118,1118,27.6,64.5
1119,1119,27.5,60.6
1120,1120,24.4,56.8
1121,1121,30,56.2
1122,1122,23.2,58.2
1123,1123,25.7,47.2
1124,1124,24.1,57.2
1125,1125,28.5,60.3
1126,1126,29.0,58.7
1127,1127,26.5,58.6
1128,1128,25.2,42.3
1129,1129,27.9,55.9
1130,1130,27.8,50.2
1131,1131,23.7,65.4
1132,1132,26.1,61.0
1133,1133,27.7,48.0
1134,1134,26.6,56.7
1135,1135,29.3,55.0
1136,1136,28.1,48.5
1137,1137,25.3,66.2
1138,1138,26.7,64.9
1139,1139,23.0,51.0
1140,1140,27.8,60.4
1141,1141,25.8,51.8
1142,1142,26.5,57.8
1143,1143,23.1,49.6
1144,1144,22.1,48.4
1145,1145,25.9,65.9
1146,1146,21.2,41.7
1147,1147,25.3,52.6
1148,1148,27.3,43.8
1149,1149,13.1,9.1
1150,1150,16.2,26.9
1151,1151,11.5,32.3
1152,1152,8.0,23.4
1153,1153,10.4,14.1
1154,1154,15.6,33.5
1155,1155,11.6,30.0
1156,1156,23.0,16.2
1157,1157,16.0,16.5
1158,1158,8.1,16.9
1159,1159,13.3,0
1160,1160,17.5,19.4
1161,1161,9.2,0
1162,1162,0,15.5
1163,1163,19.5,38.4
1164,1164,23.2,34.2
1165,1165,22.7,46.2
1166,1166,18.2,60.9
1167,1167,18.9,48.4
1168,1168,16.5,37.1
1169,1169,19.7,34.1
1170,1170,16.2,35.2
1171,1171,20.2,41.6
1172,1172,14.7,55.1
1173,1173,21.0,34.8
1174,1174,15.2,29.5
1175,1175,15.5,38.7
1176,1176,16.1,53.7
1177,1177,19.1,26.9
1178,1178,12.6,47.3
1179,1179,16.7,49.7
1180,1180,16.0,37.7
1181,1181,13.3,46.2
1182,1182,16.4,40.8
1183,1183,8.0,27.2
1184,1184,19.2,47.9
1185,1185,16.9,28.0
1186,1186,15.7,44.3
1187,1187,18.3,38.8
1188,1188,24.5,38.9
1189,1189,15.9,32.5
1190,1190,20.2,49.2
1191,1191,24.0,20.8
1192,1192,9.0,43.0
1193,1193,9.6,29.6
1194,1194,15.7,39.7
1195,1195,6.0,29.7
1196,1196,6.2,43.2
1197,1197,13.0,28.5
1198,1198,20.0,29.8
1199,1199,10.1,30.1
1200,1200,23.1,27.4
1201,1201,18.1,20.5
1202,1202,5.5,23.3
1203,1203,15.4,36
1204,1204,21.3,24.6
1205,1205,21.0,47.7
1206,1206,16.9,34.8
1207,1207,21.1,27.0
1208,1208,24.7,28.3
1209,1209,19.6,49.0
1210,1210,22.3,45.1
1211,1211,14.5,46.5
1212,1212,22.0,35.2
1213,1213,19.6,45.3
1214,1214,21.2,33.5
1215,1215,22.6,34.3
1216,1216,16.1,29.3
1217,1217,23.5,45.1
1218,1218,22.1,57.5
1219,1219,23.4,65.9
1220,1220,26.1,58.7
1221,1221,30,58.4
1222,1222,21.7,49.1
1223,1223,25.1,56.6
1224,1224,28.9,65.1
1225,1225,20.9,64.7
1226,1226,26.3,58.5
1227,1227,25.0,53.8
1228,1228,25.8,65.3
1229,1229,30,61.5
1230,1230,22.3,55.4
1231,1231,20.3,60.3
1232,1232,24.4,48.1
1233,1233,20.2,15.6
1234,1234,5.1,33.6
1235,1235,9.0,26.8
1236,1236,7.5,39.1
1237,1237,12.7,37.7
1238,1238,8.9,30.5
1239,1239,17.7,18.7
1240,1240,12.7,20.2
1241,1241,16.5,32.8
1242,1242,16.0,37.0
1243,1243,15.9,26.8
1244,1244,18.8,30.5
1245,1245,6.4,17.5
1246,1246,7.8,25.8
1247,1247,26.3,51.8
1248,1248,23.3,65.6
1249,1249,23.9,52.5
1250,1250,30,55.3
1251,1251,21.5,55.1
1252,1252,26.6,51.5
1253,1253,22.0,56.1
1254,1254,23.2,51.9
1255,1255,22.2,48.9
1256,1256,25.4,57.2
1257,1257,25.5,56.4
1258,1258,23.0,70
1259,1259,23.4,57.2
1260,1260,22.5,45.8
1261,1261,18.9,47.3
1262,1262,22.2,68.4
1263,1263,25.6,52.9
1264,1264,29.3,64.6
1265,1265,23.2,57.5
1266,1266,28.6,58.3
1267,1267,28.4,54.4
1268,1268,19.8,61.0
1269,1269,21.3,50.6
1270,1270,21.6,51.7
1271,1271,23.1,55.2
1272,1272,22.9,36.2
1273,1273,29.2,56.5
1274,1274,28.4,35
1275,1275,25.7,50.5
1276,1276,24.2,50.0
1277,1277,23.8,63.4
1278,1278,23.9,49.1
1279,1279,30,51.7
1280,1280,28.4,41.3
1281,1281,26.3,45.4
1282,1282,20.6,44.4
1283,1283,19.6,58.0
1284,1284,23.5,65.7
1285,1285,23.0,53.9
1286,1286,26.6,56.6
1287,1287,29.2,54.0
1288,1288,23.5,52.2
1289,1289,15.0,46.0
1290,1290,9.6,47.3
1291,1291,18.4,44.6
1292,1292,20.5,18.2
1293,1293,23.5,41.8
1294,1294,22.3,61.1
1295,1295,17.7,48.3
1296,1296,23.1,18.8
1297,1297,19.3,42.6
1298,1298,21.6,45.7
1299,1299,14.8,58.2
1300,1300,19.7,23.5
1301,1301,17.2,34.7
1302,1302,17.9,52.0
1303,1303,20.9,46.4
1304,1304,23.0,47.5
1305,1305,17.7,63
1306,1306,16.8,37.2
1307,1307,17.8,39.2
1308,1308,20.1,38.2
1309,1309,22.4,45.1
1310,1310,16.4,34.2
1311,1311,17.6,25.5
1312,1312,25.6,37.2
1313,1313,25.0,49.9
1314,1314,21.8,44.9
1315,1315,9.5,44.5
1316,1316,22.4,34.8
1317,1317,28.3,56.5
1318,1318,23.2,56.0
1319,1319,21.8,51.2
1320,1320,23.0,64.0
1321,1321,21.1,57.3
1322,1322,25.1,59.1
1323,1323,26.9,56.9
1324,1324,25.7,47.7
1325,1325,24.4,50.9
1326,1326,25.8,52.1
1327,1327,24.4,57.8
1328,1328,23.9,61.7
1329,1329,23.4,46.3
1330,1330,20.6,55.4
1331,1331,25.0,54.9
1332,1332,27.2,61.9
1333,1333,23.3,52.8
1334,1334,19.0,48.4
1335,1335,23.7,39.8
1336,1336,30,56.0
1337,1337,25.6,53.0
1338,1338,28.8,55.0
1339,1339,28.9,44.3
1340,1340,24.1,48.3
1341,1341,22.3,59.2
1342,1342,25.8,58.4
1343,1343,26.6,49.5
1344,1344,23.5,68.8
1345,1345,29.8,56.1
1346,1346,16.6,63.2
1347,1347,23.1,49.3
1348,1348,28.8,50.9
1349,1349,20.1,60.9
1350,1350,25.5,62.3
1351,1351,20.1,55.1
1352,1352,21.8,59.7
1353,1353,28.9,53.8
1354,1354,18.3,46.4
1355,1355,24.5,46.5
1356,1356,21.4,54.1
1357,1357,25.1,64.9
1358,1358,21.4,45.7
1359,1359,15.0,16.9
1360,1360,10.0,24.0
1361,1361,13.7,30.6
1362,1362,13.1,15.3
1363,1363,8.2,21.9
1364,1364,13.5,32.0
1365,1365,15.5,18.5
1366,1366,12.5,32.6
1367,1367,20.0,16.2
1368,1368,14.5,17.7
1369,1369,14.8,33.1
1370,1370,22.2,19.4
1371,1371,15.7,4.8
1372,1372,11.7,29.7
1373,1373,14.8,26.9
1374,1374,21.0,48.8
1375,1375,18.8,23.3
1376,1376,14.4,50.7
1377,1377,23.9,56.0
1378,1378,22.9,35.2
1379,1379,24.9,36.4
1380,1380,24.0,33.0
1381,1381,14.5,30.7
1382,1382,18.1,57.9
1383,1383,13.2,43.6
1384,1384,13.0,38.1
1385,1385,13.3,35.6
1386,1386,20.8,40.3
1387,1387,24.6,59.5
1388,1388,30,64.0
1389,1389,22.0,46.6
1390,1390,26.0,52.1
1391,1391,25.6,50.8
1392,1392,24.9,62.9
1393,1393,15.6,61.6
1394,1394,25.3,48.9
1395,1395,24.8,57.5
1396,1396,27.3,54.9
1397,1397,21.8,58.0
1398,1398,21.6,61.3
1399,1399,21.9,53.1
1400,1400,27.5,59.7
1401,1401,16.3,36.7
1402,1402,20.8,36.6
1403,1403,24.4,34.0
1404,1404,16.3,19.4
1405,1405,9.6,37.7
1406,1406,11.9,47.5
1407,1407,18.7,39.8
1408,1408,22.6,48.5
1409,1409,17.3,30.8
1410,1410,22.9,45.4
1411,1411,17.5,35.0
1412,1412,17.2,32.9
1413,1413,16.4,33.1
1414,1414,18.8,34.5
1415,1415,18.0,26.8
1416,1416,23.6,44.8
1417,1417,11.6,36.0
1418,1418,20.3,40.8
1419,1419,21.1,26.1
1420,1420,18.8,32.7
1421,1421,18.6,28.5
1422,1422,23.6,32.4
1423,1423,24.6,41.3
1424,1424,19.8,35.9
1425,1425,19.7,36.9
1426,1426,23.1,48.8
1427,1427,21.5,42.6
1428,1428,17.1,37.5
1429,1429,19.5,26.6
1430,1430,20.6,43.8
1431,1431,17.3,28.0
1432,1432,20.0,38.7
1433,1433,19.1,38.3
1434,1434,21.5,40.3
1435,1435,12.7,49.1
1436,1436,18.0,33.6
1437,1437,24.4,53.8
1438,1438,24.0,53.1
1439,1439,21.7,59.4
1440,1440,30,53.4
1441,1441,30,39.4
1442,1442,20.9,57.2
1443,1443,26.4,56.1
1444,1444,28.7,42.2
1445,1445,28.6,68.4
1446,1446,15.7,43.6
1447,1447,25.3,44.4
1448,1448,19.5,42.0
1449,1449,21.6,43.2
1450,1450,13.2,48.1
1451,1451,19.2,44.8
1452,1452,19.3,50.3
1453,1453,20.2,37.5
1454,1454,23.0,43.6
1455,1455,28.1,63.4
1456,1456,27.0,54.3
1457,1457,24.6,52.7
1458,1458,27.0,48.8
1459,1459,25.5,60.8
1460,1460,30,50.6
1461,1461,25.8,52.6
1462,1462,26.4,51.3
1463,1463,24.1,66.1
1464,1464,20.6,62.6
1465,1465,26.3,29.0
1466,1466,23.4,42.8
1467,1467,23.8,42.6
1468,1468,16.2,42.2
1469,1469,17.6,30.4
1470,1470,17.1,45.7
1471,1471,15.6,41.1
1472,1472,23.2,27.1
1473,1473,20.6,61.9
1474,1474,20.9,57.2
1475,1475,21.6,62.1
1476,1476,23.6,66.2
1477,1477,23.2,52.8
1478,1478,28.6,47.2
1479,1479,29.2,51.5
1480,1480,22.5,60.3
1481,1481,22.1,62.5
1482,1482,19.1,44.9
1483,1483,19.1,23.1
1484,1484,22.8,32.9
1485,1485,22.6,43.2
1486,1486,11.5,39.8
1487,1487,15.3,42.8
1488,1488,22.1,59.2
1489,1489,17.1,44.0
1490,1490,21.5,45.1
1491,1491,20.8,53.7
1492,1492,28.7,53.3
1493,1493,23.1,61.2
1494,1494,24.7,57.4
1495,1495,23.1,49.3
1496,1496,23.4,50.1
1497,1497,23.1,42.3
1498,1498,24.5,58.5
1499,1499,25.5,50.1
1500,1500,16.9,63
1501,1501,18.2,32.0
1502,1502,20.1,44.2
1503,1503,15.4,43.5
1504,1504,13.4,18
1505,1505,8.7,48.7
1506,1506,19.6,41.6
1507,1507,20.1,18
1508,1508,24.9,62.0
1509,1509,30,43.7
1510,1510,27.3,62.2
1511,1511,23.2,44.5
1512,1512,24.3,51.9
1513,1513,23.4,51.7
1514,1514,23.1,63.5
1515,1515,19.8,53.0
1516,1516,28.7,56.2
1517,1517,24.4,52.4
1518,1518,22.1,49.9
1519,1519,23.9,58.0
1520,1520,24.6,55.7
1521,1521,23.8,62.1
1522,1522,26.3,69.3
1523,1523,23.7,67.3
1524,1524,27.6,62.2
1525,1525,25.9,62.7
1526,1526,30,62.2
1527,1527,22.6,34.7
1528,1528,17.3,23.7
1529,1529,20.5,49.0
1530,1530,26.2,44.9
1531,1531,12.4,40.6
1532,1532,19.6,34.4
1533,1533,23.2,50.4
1534,1534,22.7,59.7
1535,1535,25.7,43.0
1536,1536,8.7,29.3
1537,1537,23.1,25.0
1538,1538,13.9,26.1
1539,1539,11.6,25.2
1540,1540,13.0,30.6
1541,1541,4.9,6.2
1542,1542,11.3,38.8
1543,1543,14.6,35.2
1544,1544,1.5,13.5
1545,1545,9.5,26.0
1546,1546,16.7,34.2
1547,1547,8.1,45
1548,1548,16.0,33.8
1549,1549,6.9,15.7
1550,1550,11.3,9.9
1551,1551,11.2,26.0
1552,1552,7.9,23.1
1553,1553,15.6,0
1554,1554,23.3,65.9
1555,1555,28.2,62.8
1556,1556,26.1,57.6
1557,1557,23.1,43.6
1558,1558,25.8,43.4
1559,1559,29.1,62.8
1560,1560,26.4,56.3
1561,1561,29.1,59.2
1562,1562,26.8,52.7
1563,1563,29.9,62.3
1564,1564,24.0,58.4
1565,1565,25.2,64.1
1566,1566,25.3,46.4
1567,1567,27.4,65.3
1568,1568,30,47.8
1569,1569,24.4,50.8
1570,1570,29.3,38.0
1571,1571,21.9,54.4
1572,1572,23.5,52.8
1573,1573,17.9,39.0
1574,1574,21.4,45.4
1575,1575,16.0,22.3
1576,1576,17.0,59.0
1577,1577,24.7,28.9
1578,1578,25.3,63
1579,1579,15.1,47.4
1580,1580,21.9,46.8
1581,1581,27.7,54.0
1582,1582,29.1,64.3
1583,1583,25.5,43.1
1584,1584,25.2,42.4
1585,1585,21.0,56.4
1586,1586,23.3,54.7
1587,1587,27.5,60.6
1588,1588,25.7,54.4
1589,1589,24.3,55.0
1590,1590,17.2,53.2
1591,1591,16.4,29.7
1592,1592,20.8,54.1
1593,1593,18.7,49.2
1594,1594,20.0,39.3
1595,1595,16.4,45.8
1596,1596,18.0,40.6
1597,1597,20.8,36.0
1598,1598,17.5,49.2
1599,1599,8.1,23.9
1600,1600,11.3,25.8
1601,1601,13.4,41.3
1602,1602,14.4,19.9
1603,1603,11.8,25.2
1604,1604,15.5,12.7
1605,1605,16.9,30.3
1606,1606,7.8,33.8
1607,1607,7.3,8.3
1608,1608,22.5,41.1
1609,1609,11.2,31.1
1610,1610,17.2,27.4
1611,1611,15.8,36.2
1612,1612,23.9,48.8
1613,1613,12.2,39.7
1614,1614,16.1,33.7
1615,1615,11.2,40.4
1616,1616,21.7,29.6
1617,1617,16.7,44.1
1618,1618,17.9,27.1
1619,1619,18.2,52.8
1620,1620,15.7,44.1
1621,1621,15.6,39.8
1622,1622,20.3,49.7
1623,1623,12.5,44.9
1624,1624,15.7,31.3
1625,1625,21.4,63
1626,1626,20.6,10.6
1627,1627,9.3,26.7
1628,1628,18.5,40.3
1629,1629,5.6,38.6
1630,1630,16.2,21.5
1631,1631,12.8,38.5
1632,1632,15.6,29.3
1633,1633,6.0,24.9
1634,1634,10.5,16.8
1635,1635,19.8,32.2
1636,1636,18.3,37.7
1637,1637,19.3,36.7
1638,1638,17.7,47.7
1639,1639,23.8,31.0
1640,1640,12.9,51.5
1641,1641,19.5,53.0
1642,1642,11.6,37.4
1643,1643,18.9,60.8
1644,1644,24.6,42.4
1645,1645,25.3,58.3
1646,1646,22.9,57.0
1647,1647,22.1,55.4
1648,1648,21.7,52.7
1649,1649,30,43.7
1650,1650,23.8,42.3
1651,1651,29.0,53.0
1652,1652,25.2,63.9
1653,1653,29.0,44.7
1654,1654,27.5,51.2
1655,1655,29.7,62.0
1656,1656,26.6,69.3
1657,1657,22.8,66.7
1658,1658,25.6,49.6
1659,1659,22.0,56.3
1660,1660,29.0,45.9
1661,1661,22.2,54.7
1662,1662,15.4,29.0
1663,1663,21.7,40.1
1664,1664,17.3,37.8
1665,1665,17.4,23.4
1666,1666,22.5,27.5
1667,1667,11.2,46.1
1668,1668,21.5,51.9
1669,1669,20.3,49.8
1670,1670,25.9,23.1
1671,1671,15.6,28.8
1672,1672,21.6,38.9
1673,1673,24.3,44.3
1674,1674,25.0,60.3
1675,1675,23.9,41.1
1676,1676,21.2,29.7
1677,1677,21.9,58.5
1678,1678,17.9,51.3
1679,1679,22.4,29.4
1680,1680,27.3,66.2
1681,1681,27.2,54.2
1682,1682,21.9,62.8
1683,1683,26.6,55.2
1684,1684,23.2,44.8
1685,1685,24.9,58.1
1686,1686,23.9,59.4
1687,1687,30,48.2
1688,1688,28.6,55.3
1689,1689,28.8,53.2
1690,1690,24.8,63.3
1691,1691,26.8,59.5
1692,1692,25.9,57.7
1693,1693,16.9,55.1
1694,1694,27.2,52.4
1695,1695,28.3,41.0
1696,1696,23.3,56.7
1697,1697,18.6,49.6
1698,1698,17.0,30.1
1699,1699,16.9,37.6
1700,1700,18.5,30.4
1701,1701,11.6,29.3
1702,1702,12.0,33.5
1703,1703,17.3,10.7
1704,1704,1.6,11.6
1705,1705,10.5,24.0
1706,1706,12.2,17.5
1707,1707,20.2,35.1
1708,1708,21.9,27.2
1709,1709,18.6,39.4
1710,1710,16.1,54.5
1711,1711,19.3,43.1
1712,1712,18.4,43.0
1713,1713,21.6,44.2
1714,1714,25.6,50.4
1715,1715,19.6,32.0
1716,1716,26.5,44.2
1717,1717,22.7,51.0
1718,1718,21.5,54.4
1719,1719,24.5,64.4
1720,1720,26.5,46.0
1721,1721,24.2,55.9
1722,1722,23.1,46.0
1723,1723,20.7,53.3
1724,1724,23.8,55.6
1725,1725,25.3,29.0
1726,1726,18.6,43.0
1727,1727,14.2,39.0
1728,1728,12.8,43.5
1729,1729,15.7,50.5
1730,1730,25.5,41.7
1731,1731,20.7,21.3
1732,1732,13.6,47.8
1733,1733,19.2,29.1
1734,1734,18.9,26.4
1735,1735,18.3,40.8
1736,1736,24.8,41.2
1737,1737,26.1,20.9
1738,1738,16.6,57.3
1739,1739,15.3,18
1740,1740,19.6,36.0
1741,1741,21.7,57.1
1742,1742,20.7,34.7
1743,1743,23.3,23.5
1744,1744,24.9,48.8
1745,1745,17.2,42.3
1746,1746,18.7,29.2
1747,1747,23.3,41.3
1748,1748,16.9,58.1
1749,1749,18.1,44.0
1750,1750,26.7,37.5
1751,1751,22.9,42.3
1752,1752,20.5,29.6
1753,1753,13.2,42.4
1754,1754,2.2,28.8
1755,1755,13.7,26.1
1756,1756,8.7,30.1
1757,1757,6.6,17.0
1758,1758,15.9,31.1
1759,1759,15.9,9.0
1760,1760,14.3,0.6
1761,1761,25.8,58.6
1762,1762,26.9,38.9
1763,1763,25.4,63.9
1764,1764,27.1,50.5
1765,1765,28.0,41.9
1766,1766,24.2,57.9
1767,1767,21.8,51.9
1768,1768,25.6,43.1
1769,1769,29.7,46.7
1770,1770,24.0,35.5
1771,1771,22.6,25.2
1772,1772,16.3,29.2
1773,1773,16.5,24.9
1774,1774,14.4,16.3
1775,1775,10.4,17.8
1776,1776,16.2,16.2
1777,1777,12.5,39
1778,1778,9.2,18.9
1779,1779,25.1,46.4
1780,1780,26.0,48.1
1781,1781,28.5,52.5
1782,1782,20.2,59.2
1783,1783,27.2,58.1
1784,1784,29.7,59.4
1785,1785,25.8,53.6
1786,1786,30,41.8
1787,1787,28.5,47.8
1788,1788,28.3,49.4
1789,1789,23.1,56.6
1790,1790,26.0,45.1
1791,1791,23.4,57.6
1792,1792,27.6,56.5
1793,1793,27.4,54.7
1794,1794,21.5,52.3
1795,1795,30,57.2
1796,1796,24.7,68.2
1797,1797,27.7,57.5
1798,1798,24.4,56.7
1799,1799,21.3,57.9
1800,1800,23.8,59.4
1801,1801,23.4,38.9
1802,1802,25.3,60.9
1803,1803,26.9,60.3
1804,1804,23.1,63.2
1805,1805,28.9,61.4
1806,1806,27.6,49.9
1807,1807,22.5,61.3
1808,1808,22.0,54.2
1809,1809,21.9,55.1
1810,1810,24.6,47.8
1811,1811,21.5,54.7
1812,1812,28.5,53.3
1813,1813,23.9,47.7
1814,1814,27.7,52.7
1815,1815,11.2,34.0
1816,1816,17.1,33.7
1817,1817,13.7,30.3
1818,1818,15.1,17.8
1819,1819,16.0,45
1820,1820,16.4,31.4
1821,1821,8.8,26.0
1822,1822,13.3,10.9
1823,1823,11.7,7.2
1824,1824,21.4,33.4
1825,1825,12.5,54.0
1826,1826,27.1,34.5
1827,1827,14.1,24.1
1828,1828,12.6,32.2
1829,1829,17.1,38.1
1830,1830,21.0,53.0
1831,1831,23.7,36.8
1832,1832,18.2,40.0
1833,1833,19.2,55.6
1834,1834,23.3,46.3
1835,1835,15.1,33.8
1836,1836,17.6,45.3
1837,1837,17.7,47.0
1838,1838,15.8,37.9
1839,1839,19.3,34.3
1840,1840,18.4,36.9
1841,1841,21.6,54.4
1842,1842,10.2,32.6
1843,1843,17.5,30.4
1844,1844,5.7,28.7
1845,1845,13.5,36.7
1846,1846,15.1,29.0
1847,1847,11.6,42
1848,1848,13.7,10.5
1849,1849,7.3,17.5
1850,1850,11.9,13.6
1851,1851,23.9,36.9
1852,1852,22.9,18
1853,1853,17.6,35.0
1854,1854,18.6,47.5
1855,1855,26.7,39.9
1856,1856,18.5,45.8
1857,1857,17.7,49.5
1858,1858,16.7,18
1859,1859,20.2,51.5
1860,1860,24.4,49.6
1861,1861,26.9,70
1862,1862,26.4,53.1
1863,1863,18.6,57.2
1864,1864,20.6,51.3
1865,1865,19.9,52.1
1866,1866,25.7,55.8
1867,1867,30,68.1
1868,1868,23.8,58.4
1869,1869,10.7,30.4
1870,1870,10.7,13.8
1871,1871,16.8,15.2
1872,1872,24.0,24.7
1873,1873,6.2,28.7
1874,1874,23.1,26.3
1875,1875,17.5,15.5
1876,1876,5.2,17.3
1877,1877,13.7,21.1
1878,1878,23.7,29.0
1879,1879,19.5,38.2
1880,1880,15.5,21.2
1881,1881,12.9,21.5
1882,1882,8.0,53.4
1883,1883,17.1,29.9
1884,1884,19.5,19.3
1885,1885,18.3,50.3
1886,1886,21.6,40.2
1887,1887,21.3,36.7
1888,1888,24.2,45.4
1889,1889,18.2,40.9
1890,1890,20.6,33.7
1891,1891,26.3,35.2
1892,1892,16.1,39.1
1893,1893,19.5,26.0
1894,1894,20.2,41.8
1895,1895,16.0,57.9
1896,1896,11.8,41.3
1897,1897,11.2,16.5
1898,1898,8.4,36.0
1899,1899,19.8,14.8
1900,1900,7.4,39.9
1901,1901,8.7,12.8
1902,1902,6.5,23.6
1903,1903,20.1,23.2
1904,1904,13.4,16.1
1905,1905,18.3,29.3
1906,1906,19.4,36.6
1907,1907,13.2,38.8
1908,1908,14.7,33.7
1909,1909,13.7,42.6
1910,1910,23.7,37.8
1911,1911,23.5,44.2
1912,1912,16.7,43.1
1913,1913,19.8,31.1
1914,1914,23.1,63.0
1915,1915,24.2,60.9
1916,1916,29.7,44.2
1917,1917,28.8,50.2
1918,1918,23.4,51.4
1919,1919,25.5,59.3
1920,1920,27.8,55.4
1921,1921,27.0,60.9
1922,1922,27.4,51.6
1923,1923,14.8,35.6
1924,1924,16.2,21.9
1925,1925,15.7,35.0
1926,1926,15.3,23.3
1927,1927,17.9,24.7
1928,1928,15.8,11.3
1929,1929,14.4,22.5
1930,1930,13.1,15.7
1931,1931,9.1,28.6
1932,1932,26.5,50.4
1933,1933,25.1,64.9
1934,1934,29.7,40.2
1935,1935,24.3,42.9
1936,1936,26.5,61.0
1937,1937,22.4,61.0
1938,1938,24.1,46.7
1939,1939,21.1,56.5
1940,1940,23.8,51.1
1941,1941,22.8,68.8
1942,1942,27.7,52.3
1943,1943,25.8,57.2
1944,1944,22.6,62.4
1945,1945,22.7,49.9
1946,1946,20.4,61.8
1947,1947,23.6,58.0
1948,1948,23.3,49.8
1949,1949,27.0,48.0
1950,1950,21.8,46.4
1951,1951,16.0,53.0
1952,1952,18.8,22.9
1953,1953,21.0,52.7
1954,1954,22.4,40.5
1955,1955,19.8,30.0
1956,1956,14.3,42.1
1957,1957,20.9,34.6
1958,1958,14.2,41.9
1959,1959,18.0,46.0
1960,1960,20.1,50.6
1961,1961,15.3,49.3
1962,1962,19.5,39.5
1963,1963,16.8,48.8
1964,1964,19.5,24.7
1965,1965,14.6,33.3
1966,1966,24.6,60.3
1967,1967,21.7,39.2
1968,1968,15.5,41.4
1969,1969,16.8,33.5
1970,1970,17.9,34.4
1971,1971,21.6,41.1
1972,1972,18.4,47.1
1973,1973,20.2,41.5
1974,1974,22.7,57.5
1975,1975,20.1,44.0
1976,1976,17.5,40.5
1977,1977,13.3,46.5
1978,1978,11.5,25.6
1979,1979,12.9,39.8
1980,1980,21.2,40.3
1981,1981,16.6,35.4
1982,1982,13.9,43.2
1983,1983,17.1,60.1
1984,1984,17.1,25.0
1985,1985,13.5,28.1
1986,1986,18.5,29.0
1987,1987,18.4,35.8
1988,1988,19.5,60.2
1989,1989,18.3,36.8
1990,1990,22.5,34.4
1991,1991,20.6,39.9
1992,1992,19.4,31.2
1993,1993,18.9,51.9
1994,1994,24.5,46.8
1995,1995,23.4,57.7
1996,1996,25.0,66.0
1997,1997,23.4,48.1
1998,1998,28.8,60.1
1999,1999,22.6,56.0
2000,2000,27.2,46.9
2001,2001,28.5,63.1
2002,2002,24.8,54.1
2003,2003,23.3,56.6
2004,2004,16.5,22.0
2005,2005,15.0,27.7
2006,2006,16.3,45.4
2007,2007,22.7,42.9
2008,2008,16.9,45.2
2009,2009,8.4,54.2
2010,2010,18.4,36.7
2011,2011,21.2,22.0
2012,2012,23.6,43.3
2013,2013,20.0,46.3
2014,2014,20.9,38.1
2015,2015,17.5,44.8
2016,2016,21.8,40.5
2017,2017,17.2,33.2
2018,2018,27.0,45.7
2019,2019,19.5,28.3
2020,2020,19.0,44.5
2021,2021,14.3,18
2022,2022,19.4,24.8
2023,2023,19.7,40.8
2024,2024,14.8,49.6
2025,2025,8.8,24.4
2026,2026,12.7,25.8
2027,2027,18.5,23.2
2028,2028,22.6,43.6
2029,2029,20.6,45.5
2030,2030,23.8,33.8
2031,2031,22.8,66.2
2032,2032,25.8,48.0
2033,2033,25.6,66.3
2034,2034,25.3,57.2
2035,2035,24.3,50.3
2036,2036,23.6,61.8
2037,2037,25.8,53.1
2038,2038,23.9,52.1
2039,2039,28.4,60.1
2040,2040,18.5,31.5
2041,2041,19.1,46.2
2042,2042,18.0,50.6
2043,2043,18.0,57.3
2044,2044,17.1,43.6
2045,2045,12.5,39.5
2046,2046,22.0,23.9
2047,2047,17.5,41.8
2048,2048,17.1,36.8
2049,2049,12.6,35.7
2050,2050,16.4,30.4
2051,2051,15.8,33.4
2052,2052,13.4,18.4
2053,2053,24.0,18.3
2054,2054,6.0,25.9
2055,2055,11.9,26.5
2056,2056,14.9,19.5
2057,2057,12.4,2.5
2058,2058,27.8,57.4
2059,2059,25.0,56.9
2060,2060,24.8,53.4
2061,2061,24.8,62.7
2062,2062,25.1,64.2
2063,2063,26.0,57.1
2064,2064,22.8,36.8
2065,2065,30,47.3
2066,2066,25.0,60.9
2067,2067,24.5,43.4
2068,2068,21.6,45.8
2069,2069,24.8,59.8
2070,2070,26.8,55.2
2071,2071,29.2,61.9
2072,2072,22.9,57.9
2073,2073,25.9,59.0
2074,2074,21.5,55.7
2075,2075,23.1,53.0
2076,2076,30,53.5
2077,2077,26.2,53.2
2078,2078,26.1,56.4
2079,2079,25.7,55.7
2080,2080,19.9,56.1
2081,2081,24.2,70
2082,2082,28.0,59.9
2083,2083,18.0,42.6
2084,2084,22.3,56.1
2085,2085,22.9,18.3
2086,2086,18.0,42.4
2087,2087,19.1,39.3
2088,2088,17.7,19.3
2089,2089,12.5,28.0
2090,2090,15.2,50.2
2091,2091,13.1,38.6
2092,2092,22.8,41.0
2093,2093,17.7,33.4
2094,2094,18.8,62.1
2095,2095,29.1,43.1
2096,2096,21.3,48.1
2097,2097,26.0,44.1
2098,2098,23.7,55.0
2099,2099,26.6,61.6
2100,2100,23.8,50.6
2101,2101,25.1,44.7
2102,2102,20.6,59.4
2103,2103,17.9,25.5
2104,2104,14.4,20.5
2105,2105,24.2,48.3
2106,2106,25.2,32.9
2107,2107,16.6,32.4
2108,2108,15.0,25.6
2109,2109,20.0,33.4
2110,2110,20.5,42.3
2111,2111,18.9,35.0
2112,2112,13.6,19.4
2113,2113,15.8,37.2
2114,2114,15.2,10.3
2115,2115,10.6,16.5
2116,2116,23.8,29.1
2117,2117,14.8,17.3
2118,2118,11.9,19.9
2119,2119,12.0,2.6
2120,2120,5.8,36
2121,2121,21.2,29.7
2122,2122,25.8,46.6
2123,2123,24.4,20.9
2124,2124,25.1,32.0
2125,2125,18.5,31.7
2126,2126,24.0,39.3
2127,2127,13.7,18
2128,2128,15.2,47.7
2129,2129,18.1,33.8
2130,2130,25.1,45.8
2131,2131,23.3,56.1
2132,2132,24.2,49.5
2133,2133,26.0,66.4
2134,2134,21.2,65.5
2135,2135,26.3,41.5
2136,2136,24.2,51.2
2137,2137,22.9,61.3
2138,2138,29.3,53.7
2139,2139,21.9,41.6
2140,2140,15.2,18
2141,2141,21.0,18
2142,2142,20.4,20.3
2143,2143,18.1,54.4
2144,2144,20.2,42.8
2145,2145,19.8,53.1
2146,2146,18.0,56.4
2147,2147,8.0,63
2148,2148,15.5,30.1
2149,2149,7.6,36.7
2150,2150,17.6,12.1
2151,2151,22.8,35.4
2152,2152,14.1,21.2
2153,2153,18.1,13.2
2154,2154,9.0,27.8
2155,2155,5.7,15.4
2156,2156,10.9,35.7
2157,2157,17.0,26.7
2158,2158,10.2,45
2159,2159,11.1,18.9
2160,2160,11.9,16.6
2161,2161,6.4,27.0
2162,2162,15.8,26.3
2163,2163,10.3,20.8
2164,2164,17.0,32.1
2165,2165,11.1,28.8
2166,2166,21.8,40.1
2167,2167,26.2,64.5
2168,2168,24.4,50.7
2169,2169,21.9,44.2
2170,2170,23.5,57.0
2171,2171,29.0,56.5
2172,2172,26.0,57.4
2173,2173,28.9,59.0
2174,2174,25.3,51.1
2175,2175,27.1,54.4
2176,2176,27.2,65.1
2177,2177,26.5,47.7
2178,2178,23.2,41.7
2179,2179,20.0,45.7
2180,2180,27.8,52.7
2181,2181,28.6,53.3
2182,2182,23.4,55.5
2183,2183,23.3,54.7
2184,2184,12.8,45
2185,2185,11.7,18.6
2186,2186,9.7,31.5
2187,2187,11.2,45
2188,2188,10.6,45
2189,2189,14.3,5.8
2190,2190,11.6,1.1
2191,2191,15.7,26.2
2192,2192,16.4,16.5
2193,2193,23.2,45.3
2194,2194,21.6,60.4
2195,2195,23.5,43.9
2196,2196,30,51.0
2197,2197,21.8,48.9
2198,2198,29.6,49.9
2199,2199,30,61.1
2200,2200,28.0,52.8
2201,2201,24.0,57.5
2202,2202,22.7,55.6
2203,2203,23.1,52.9
2204,2204,18.7,53.6
2205,2205,25.6,53.0
2206,2206,22.6,56.5
2207,2207,22.2,64.1
2208,2208,28.2,55.4
2209,2209,18.7,52.3
2210,2210,25.3,54.6
2211,2211,17.7,50.1
2212,2212,22.3,46.8
2213,2213,21.0,47.9
2214,2214,13.9,55.6
2215,2215,19.4,42.7
2216,2216,18.7,18.5
2217,2217,28.0,31.9
2218,2218,14.6,46.0
2219,2219,15.9,55.2
2220,2220,20.5,43.0
2221,2221,21.6,49.8
2222,2222,26.1,46.0
2223,2223,16.0,43.3
2224,2224,19.2,32.5
2225,2225,20.3,47.5
2226,2226,22.0,39.7
2227,2227,21.0,54.8
2228,2228,17.6,28.7
2229,2229,21.9,47.0
2230,2230,22.8,35.5
2231,2231,20.1,41.7
2232,2232,17.0,53.3
2233,2233,16.6,49.8
2234,2234,16.9,33.3
2235,2235,18.3,49.1
2236,2236,18.5,42.8
2237,2237,25.3,45.3
2238,2238,16.6,31.8
2239,2239,12.8,32.2
2240,2240,14.3,22.8
2241,2241,13.7,14.7
2242,2242,14.3,36.0
2243,2243,15.1,27.5
2244,2244,23.1,31.7
2245,2245,9.0,0.1
2246,2246,8.2,13.2
2247,2247,27.2,60.2
2248,2248,30,52.7
2249,2249,23.7,39.9
2250,2250,18.9,62.9
2251,2251,26.2,59.9
2252,2252,28.7,57.5
2253,2253,21.3,55.3
2254,2254,27.5,65.1
2255,2255,25.6,48.0
2256,2256,14.2,34.2
2257,2257,13.0,44.3
2258,2258,18.1,46.7
2259,2259,16.7,38.0
2260,2260,17.5,53.8
2261,2261,21.9,36.5
2262,2262,17.1,34.1
2263,2263,18.8,39.9
2264,2264,14.6,61.6
2265,2265,22.6,70
2266,2266,25.9,50.6
2267,2267,25.0,56.2
2268,2268,24.2,44.5
2269,2269,27.9,47.8
2270,2270,25.9,50.5
2271,2271,20.3,48.8
2272,2272,20.4,58.8
2273,2273,27.0,61.4
2274,2274,26.3,62.5
2275,2275,24.5,60.9
2276,2276,24.3,50.8
2277,2277,22.0,58.4
2278,2278,28.0,60.0
2279,2279,27.4,59.0
2280,2280,25.4,45.0
2281,2281,25.0,57.9
2282,2282,20.7,47.7
2283,2283,26.4,57.0
2284,2284,26.0,49.5
2285,2285,25.1,63.8
2286,2286,24.4,54.6
2287,2287,23.7,54.1
2288,2288,27.1,55.0
2289,2289,22.9,59.3
2290,2290,29.0,50.0
2291,2291,25.7,58.0
2292,2292,11.6,36.2
2293,2293,11.5,24.2
2294,2294,7.9,19.2
2295,2295,11.1,22.2
2296,2296,20.4,20.6
2297,2297,15.5,5.7
2298,2298,11.0,34.0
2299,2299,16.2,28.9
2300,2300,21.3,36
2301,2301,13.5,47.1
2302,2302,25.2,58.3
2303,2303,15.3,48.5
2304,2304,11.7,36.2
2305,2305,15.3,34.9
2306,2306,18.1,33.0
2307,2307,19.7,39.9
2308,2308,27.7,34.1
2309,2309,14.0,54.9
2310,2310,21.6,29.1
2311,2311,19.4,58.7
2312,2312,23.6,50.4
2313,2313,18.3,24.7
2314,2314,20.8,41.6
2315,2315,13.7,41.9
2316,2316,20.3,44.4
2317,2317,26.5,41.5
2318,2318,19.4,28.8
2319,2319,18.3,29.3
2320,2320,18.5,45.7
2321,2321,17.0,36.2
2322,2322,15.7,46.4
2323,2323,11.9,33.7
2324,2324,18.0,46.7
2325,2325,18.8,44.4
2326,2326,18.8,29.9
2327,2327,13.2,51.6
2328,2328,11.1,19.7
2329,2329,18.5,31.2
2330,2330,13.7,32.7
2331,2331,18.0,29.4
2332,2332,20.2,33.4
2333,2333,6.3,20.4
2334,2334,11.5,42
2335,2335,4.1,15.1
2336,2336,6.6,36
2337,2337,21.3,55.7
2338,2338,25.1,37.5
2339,2339,13.5,49.0
2340,2340,19.8,34.7
2341,2341,11.0,42.9
2342,2342,22.2,52.8
2343,2343,21.8,37.9
2344,2344,19.3,34.1
2345,2345,12.6,38.3
2346,2346,11.5,36.0
2347,2347,20.7,17.1
2348,2348,15.8,41.3
2349,2349,0,14.9
2350,2350,20.3,43.8
2351,2351,7.6,25.1
2352,2352,15.2,31.9
2353,2353,14.9,25.3
2354,2354,21.3,16.6
2355,2355,30,58.4
2356,2356,29.2,42.8
2357,2357,21.1,65.0
2358,2358,27.7,58.6
2359,2359,30,40.0
2360,2360,26.0,54.7
2361,2361,30,55.7
2362,2362,26.7,60.9
2363,2363,22.4,60.0
2364,2364,19.6,52.2
2365,2365,25.6,58.0
2366,2366,25.8,60.9
2367,2367,28.5,54.8
2368,2368,24.9,56.9
2369,2369,26.3,58.8
2370,2370,30,54.1
2371,2371,27.0,36.2
2372,2372,25.2,56.5
2373,2373,21.0,46.2
2374,2374,22.1,32.2
2375,2375,20.9,60.6
2376,2376,26.2,51.8
2377,2377,20.9,48.0
2378,2378,13.0,42.3
2379,2379,15.2,52.2
2380,2380,11.1,32.1
2381,2381,18.1,27.0
2382,2382,26.9,61.3
2383,2383,26.0,52.4
2384,2384,24.7,54.9
2385,2385,22.2,47.5
2386,2386,29.8,57.6
2387,2387,23.3,43.6
2388,2388,25.4,59.7
2389,2389,24.5,54.4
2390,2390,24.2,60.7
2391,2391,15.8,45.0
2392,2392,12.3,37.5
2393,2393,15.3,42.5
2394,2394,15.2,37.4
2395,2395,14.9,28.4
2396,2396,26.2,39.5
2397,2397,15.7,28.8
2398,2398,12.3,40.4
2399,2399,15.8,31.2
2400,2400,20.6,56.8
2401,2401,24.9,53.0
2402,2402,14.8,54.3
2403,2403,23.8,32.1
2404,2404,22.9,40.5
2405,2405,17.3,60.1
2406,2406,22.8,24.9
2407,2407,27.8,40.6
2408,2408,26.0,42.9
2409,2409,17.1,39.4
2410,2410,9.3,24.6
2411,2411,16.1,15.5
2412,2412,17.1,27.1
2413,2413,16.0,34.1
2414,2414,17.9,33.9
2415,2415,14.6,20.0
2416,2416,13.1,23.3
2417,2417,19.0,21.7
2418,2418,14.4,27.0
2419,2419,17.4,34.2
2420,2420,17.9,22.1
2421,2421,17.3,33.2
2422,2422,15.0,29.8
2423,2423,26.0,54.7
2424,2424,21.0,46.1
2425,2425,25.8,49.0
2426,2426,15.4,47.4
2427,2427,20.8,35.0
2428,2428,10.3,19.9
2429,2429,10.7,45
2430,2430,17.4,34.2
2431,2431,20.8,27.6
2432,2432,9.3,24.0
2433,2433,8.2,17.3
2434,2434,12.4,15.0
2435,2435,12.3,17.5
2436,2436,18.6,46.6
2437,2437,17.5,26.0
2438,2438,10.1,49.5
2439,2439,19.0,46.6
2440,2440,20.8,38.9
2441,2441,20.4,45.9
2442,2442,15.0,44.4
2443,2443,21.2,27.2
2444,2444,14.3,45.6
2445,2445,22.0,38.0
2446,2446,12.5,27.6
2447,2447,18.4,42.0
2448,2448,16.7,42.8
2449,2449,19.8,49.4
2450,2450,21.5,46.1
2451,2451,20.2,52.6
2452,2452,15.3,36.3
2453,2453,17.2,39.2
2454,2454,14.2,19.3
2455,2455,16.9,45
2456,2456,19.2,27.4
2457,2457,16.1,35.8
2458,2458,10.4,24.2
2459,2459,16.6,20.7
2460,2460,22.0,11.4
2461,2461,11.0,19.0
2462,2462,10.6,11.1
2463,2463,11.3,40.7
2464,2464,12.2,17.6
2465,2465,16.2,26.2
2466,2466,15.2,23.1
2467,2467,14.3,32.2
2468,2468,23.1,23.5
2469,2469,14.2,23.0
2470,2470,16.2,26.1
2471,2471,7.7,0
2472,2472,28.2,46.1
2473,2473,23.6,56.2
2474,2474,21.1,50.2
2475,2475,25.5,47.0
2476,2476,25.5,44.0
2477,2477,26.1,50.5
2478,2478,24.6,52.4
2479,2479,26.0,65.1
2480,2480,25.5,58.0
2481,2481,19.2,31.4
2482,2482,20.1,36.1
2483,2483,22.4,35.1
2484,2484,20.2,49.7
2485,2485,13.6,47.1
2486,2486,23.9,56.3
2487,2487,19.5,61.2
2488,2488,24.8,42.6
2489,2489,18.1,62.8
2490,2490,9.8,34.4
2491,2491,9.5,31.5
2492,2492,13.4,17.6
2493,2493,8.5,35.7
2494,2494,11.6,27.4
2495,2495,16.5,23.2
2496,2496,9.8,21.6
2497,2497,10.6,39
2498,2498,8.5,23.4
2499,2499,23.6,59.7
2500,2500,24.9,51.9
2501,2501,22.5,55.9
2502,2502,24.5,57.4
2503,2503,26.3,52.7
2504,2504,22.3,56.0
2505,2505,26.3,52.1
2506,2506,23.0,61.4
2507,2507,27.4,49.3
2508,2508,16.6,39.0
2509,2509,24.8,50.6
2510,2510,15.3,40.5
2511,2511,17.4,33.5
2512,2512,20.6,32.5
2513,2513,20.2,20.5
2514,2514,23.6,49.9
2515,2515,21.5,48.2
2516,2516,18.4,42.0
2517,2517,30,63.4
2518,2518,26.9,58.5
2519,2519,18.6,50.7
2520,2520,24.6,65.5
2521,2521,18.9,46.0
2522,2522,26.4,63.6
2523,2523,28.8,63.7
2524,2524,23.1,70
2525,2525,27.7,63.4
2526,2526,17.0,37.9
2527,2527,15.4,28.3
2528,2528,18.0,30.8
2529,2529,13.9,27.7
2530,2530,11.6,34.6
2531,2531,14.3,28.5
2532,2532,16.4,24.8
2533,2533,11.9,24.5
2534,2534,14.0,5.8
2535,2535,23.5,52.5
2536,2536,28.9,46.1
2537,2537,25.3,49.7
2538,2538,25.8,60.7
2539,2539,28.0,51.6
2540,2540,26.1,42.0
2541,2541,20.4,53.2
2542,2542,24.2,47.3
2543,2543,22.3,58.4
2544,2544,19.2,26.2
2545,2545,15.6,35.3
2546,2546,26.3,46.4
2547,2547,16.9,30.2
2548,2548,17.7,40.8
2549,2549,21.8,27.3
2550,2550,21.3,28.4
2551,2551,20.3,36.2
2552,2552,18.9,36.7
2553,2553,26.6,54.2
2554,2554,24.2,60.7
2555,2555,23.6,51.7
2556,2556,28.5,66.8
2557,2557,25.0,58.3
2558,2558,24.0,55.8
2559,2559,17.9,66.3
2560,2560,24.7,64.6
2561,2561,22.6,50.0
2562,2562,12.3,22.9
2563,2563,9.9,29.2
2564,2564,11.3,33.9
2565,2565,5.1,32.1
2566,2566,13.5,32.9
2567,2567,11.9,23.7
2568,2568,17.0,19.9
2569,2569,16.3,14.5
2570,2570,5.1,34.3
2571,2571,10.9,27.5
2572,2572,10.4,17.3
2573,2573,12.5,44.7
2574,2574,22.7,35.9
2575,2575,20.6,24.8
2576,2576,14.1,12.9
2577,2577,7.5,18.0
2578,2578,13.3,23.0
2579,2579,13.2,21.7
2580,2580,16.5,24.4
2581,2581,15.6,26.3
2582,2582,22.1,31.9
2583,2583,6.5,16.1
2584,2584,18.3,34.8
2585,2585,14.3,32.3
2586,2586,14.4,41.3
2587,2587,13.4,15.9
2588,2588,6.2,8.2
2589,2589,19.8,27.2
2590,2590,15.7,52.8
2591,2591,11.4,40.5
2592,2592,15.2,39.9
2593,2593,20.4,29.8
2594,2594,22.6,30.8
2595,2595,18.4,44.8
2596,2596,16.1,34.7
2597,2597,21.7,36.4
2598,2598,19.8,33.9
2599,2599,11.4,40.8
2600,2600,3.8,16.3
2601,2601,19.1,30.1
2602,2602,15.3,25.7
2603,2603,14.9,16.8
2604,2604,4.1,25.7
2605,2605,11.1,25.2
2606,2606,15.6,11.6
2607,2607,22.9,55.1
2608,2608,19.8,56.7
2609,2609,25.6,54.3
2610,2610,22.7,50.7
2611,2611,22.0,55.8
2612,2612,22.1,58.2
2613,2613,19.1,60.7
2614,2614,26.1,62.0
2615,2615,25.5,64.3
2616,2616,19.7,39.9
2617,2617,19.6,36.3
2618,2618,19.5,42.7
2619,2619,21.1,39.9
2620,2620,15.8,27.8
2621,2621,21.5,37.4
2622,2622,25.3,28.1
2623,2623,25.5,33.7
2624,2624,15.9,38.7
2625,2625,28.8,48.6
2626,2626,24.6,59.6
2627,2627,25.6,66.4
2628,2628,21.2,64.3
2629,2629,29.6,53.5
2630,2630,25.6,54.6
2631,2631,24.5,61.8
2632,2632,24.3,64.4
2633,2633,26.9,49.8
2634,2634,10.7,17.6
2635,2635,9.5,25.6
2636,2636,23.6,17.8
2637,2637,14.2,18.9
2638,2638,16.3,5.5
2639,2639,1.4,16.9
2640,2640,6.8,28.0
2641,2641,11.4,39
2642,2642,11.9,20.3
2643,2643,21.7,61.0
2644,2644,22.2,44.7
2645,2645,27.8,61.4
2646,2646,26.9,48.8
2647,2647,25.8,55.1
2648,2648,22.5,48.2
2649,2649,23.9,53.6
2650,2650,24.6,57.3
2651,2651,25.2,49.4
2652,2652,23.0,29.4
2653,2653,17.6,34.7
2654,2654,18.0,38.6
2655,2655,24.9,45.9
2656,2656,26.7,42.0
2657,2657,17.8,39.2
2658,2658,22.7,47.5
2659,2659,21.4,43.2
2660,2660,21.9,26.7
2661,2661,9.9,43.6
2662,2662,17.9,22.2
2663,2663,14.8,30.6
2664,2664,16.7,32.3
2665,2665,12.2,11.9
2666,2666,17.6,21.4
2667,2667,11.5,20.2
2668,2668,22.2,14.0
2669,2669,18.4,18.8
2670,2670,21.6,48.6
2671,2671,24.2,59.2
2672,2672,27.3,51.7
2673,2673,20.2,58.2
2674,2674,17.9,61.0
2675,2675,28.4,59.3
2676,2676,22.7,47.2
2677,2677,25.7,68.0
2678,2678,25.2,70
2679,2679,25.8,48.9
2680,2680,22.0,59.5
2681,2681,18.8,55.5
2682,2682,25.4,54.1
2683,2683,24.7,63.9
2684,2684,25.6,56.3
2685,2685,21.7,35.3
2686,2686,29.5,43.4
2687,2687,28.2,62.8
2688,2688,14.4,32.5
2689,2689,27.1,50.1
2690,2690,23.8,32.5
2691,2691,17.9,51.0
2692,2692,18.1,26.8
2693,2693,26.4,50.7
2694,2694,17.0,30.2
2695,2695,21.8,54.3
2696,2696,19.5,51.6
2697,2697,21.4,31.2
2698,2698,18.0,45.7
2699,2699,21.5,25.0
2700,2700,16.1,43.4
2701,2701,21.7,44.8
2702,2702,18.4,50.6
2703,2703,16.9,61.7
2704,2704,24.3,33.2
2705,2705,21.0,58.4
2706,2706,23.8,36.9
2707,2707,26.6,40.8
2708,2708,21.8,62.8
2709,2709,18.5,27.9
2710,2710,18.5,44.6
2711,2711,15.0,43.6
2712,2712,27.3,18
2713,2713,26.1,36.4
2714,2714,18.5,31.2
2715,2715,24.6,44.6
2716,2716,25.7,53.8
2717,2717,22.6,67.2
2718,2718,29.0,51.9
2719,2719,19.8,47.7
2720,2720,26.1,62.4
2721,2721,24.7,49.3
2722,2722,30,42.9
2723,2723,21.8,58.3
2724,2724,11.4,15.2
2725,2725,10.3,19.2
2726,2726,19.5,10.8
2727,2727,15.4,18.4
2728,2728,11.8,28.5
2729,2729,8.3,30.3
2730,2730,17.3,32.4
2731,2731,9.3,30.2
2732,2732,16.7,2.1
2733,2733,24.1,63.1
2734,2734,22.5,52.6
2735,2735,22.5,59.8
2736,2736,27.0,52.1
2737,2737,24.4,53.4
2738,2738,26.1,69.1
2739,2739,25.3,51.7
2740,2740,23.0,63.4
2741,2741,25.4,52.1
2742,2742,27.0,56.5
2743,2743,30,53.8
2744,2744,24.6,59.0
2745,2745,21.7,59.6
2746,2746,25.6,55.3
2747,2747,19.7,54.9
2748,2748,24.9,56.5
2749,2749,29.9,57.5
2750,2750,20.5,62.5
2751,2751,17.8,23.3
2752,2752,26.5,41.7
2753,2753,23.4,47.5
2754,2754,22.9,22.7
2755,2755,13.1,47.5
2756,2756,17.2,41.2
2757,2757,16.0,47.4
2758,2758,14.7,35.7
2759,2759,19.0,41.9
2760,2760,16.8,32.5
2761,2761,14.7,17.2
2762,2762,11.2,21.0
2763,2763,10.8,25.5
2764,2764,18.4,33.1
2765,2765,12.0,12.3
2766,2766,13.5,17.4
2767,2767,12.9,19.6
2768,2768,14.0,13.3
2769,2769,11.2,41.4
2770,2770,12.5,16.4
2771,2771,12.2,29.8
2772,2772,18.4,42.1
2773,2773,1.6,38.2
2774,2774,6.1,25.4
2775,2775,19.6,40.7
2776,2776,14.7,22.3
2777,2777,4.5,17.1
2778,2778,10.4,11.5
2779,2779,9.5,21.1
2780,2780,21.2,20.9
2781,2781,4.7,25.1
2782,2782,11.5,30.9
2783,2783,11.9,31.0
2784,2784,10.9,26.1
2785,2785,18.7,27.8
2786,2786,3.4,2.4
2787,2787,11.6,41.1
2788,2788,7.4,22.6
2789,2789,12.1,25.4
2790,2790,16.8,39.6
2791,2791,6.7,19.1
2792,2792,21.1,21.6
2793,2793,17.4,40.2
2794,2794,18.4,16.1
2795,2795,11.2,19.0
2796,2796,22.0,58.6
2797,2797,25.1,49.8
2798,2798,25.7,44.2
2799,2799,26.4,49.8
2800,2800,29.1,40.4
2801,2801,23.6,42.0
2802,2802,19.7,55.8
2803,2803,28.5,49.0
2804,2804,28.9,44.7
2805,2805,25.4,24.2
2806,2806,12.5,56.5
2807,2807,14.4,44.3
2808,2808,14.8,59.4
2809,2809,18.4,40.0
2810,2810,15.6,28.6
2811,2811,25.2,39.6
2812,2812,26.3,36.6
2813,2813,24.7,39.8
2814,2814,15.2,28.6
2815,2815,15.8,24.1
2816,2816,20.7,32.9
2817,2817,19.1,35.2
2818,2818,10.3,41.0
2819,2819,18.6,17.6
2820,2820,20.5,26.3
2821,2821,20.8,29.4
2822,2822,11.0,14.8
2823,2823,23.8,48.3
2824,2824,23.6,63.3
2825,2825,19.4,57.8
2826,2826,26.2,53.7
2827,2827,24.8,50.6
2828,2828,30,52.5
2829,2829,22.8,49.1
2830,2830,27.2,46.4
2831,2831,23.9,61.3
2832,2832,17.9,46.6
2833,2833,20.9,35.8
2834,2834,18.0,32.6
2835,2835,15.7,35.6
2836,2836,13.6,44.4
2837,2837,26.4,44.3
2838,2838,16.3,38.4
2839,2839,14.8,55.0
2840,2840,20.6,55.0
2841,2841,25.5,59.8
2842,2842,28.2,51.0
2843,2843,21.7,56.2
2844,2844,21.0,51.0
2845,2845,23.7,45.6
2846,2846,22.6,58.0
2847,2847,26.1,61.1
2848,2848,20.2,51.6
2849,2849,21.2,57.5
2850,2850,18.1,26.6
2851,2851,15.7,63
2852,2852,19.7,18.6
2853,2853,12.9,48.2
2854,2854,17.0,36.7
2855,2855,26.8,23.1
2856,2856,22.4,63
2857,2857,21.5,46.6
2858,2858,22.4,38.4
2859,2859,25.1,55.2
2860,2860,26.9,51.0
2861,2861,25.2,59.7
2862,2862,27.2,62.3
2863,2863,22.3,55.9
2864,2864,23.2,45.0
2865,2865,22.6,60.5
2866,2866,23.0,59.0
2867,2867,25.9,40.2
2868,2868,15.6,52.2
2869,2869,20.0,53.5
2870,2870,16.5,46.7
2871,2871,13.9,29.3
2872,2872,17.7,35.7
2873,2873,20.0,50.4
2874,2874,16.6,31.3
2875,2875,13.4,52.1
2876,2876,23.0,37.3
2877,2877,23.8,55.6
2878,2878,28.5,45.4
2879,2879,23.4,63.3
2880,2880,21.7,57.3
2881,2881,25.3,49.1
2882,2882,29.1,63.5
2883,2883,22.6,60.7
2884,2884,26.4,54.4
2885,2885,22.1,53.6
2886,2886,11.2,24.4
2887,2887,17.9,30.4
2888,2888,12.4,28.8
2889,2889,13.9,37.1
2890,2890,11.0,26.3
2891,2891,17.5,26.0
2892,2892,12.2,27.1
2893,2893,15.0,33.0
2894,2894,7.7,11.1
2895,2895,23.4,17.4
2896,2896,18.3,30.2
2897,2897,7.8,17.8
2898,2898,6.0,26.7
2899,2899,13.1,29.0
2900,2900,15.9,15.9
2901,2901,0,11.0
2902,2902,14.5,16.1
2903,2903,8.2,15.9
2904,2904,17.0,43.8
2905,2905,21.7,40.2
2906,2906,17.2,33.3
2907,2907,21.3,44.1
2908,2908,20.0,53.5
2909,2909,14.2,32.6
2910,2910,14.0,42.0
2911,2911,15.8,56.8
2912,2912,21.9,30.7
2913,2913,14.2,48.4
2914,2914,15.5,30.6
2915,2915,22.1,63
2916,2916,18.1,48.4
2917,2917,24.5,42.6
2918,2918,15.2,35.9
2919,2919,19.0,31.8
2920,2920,22.9,39.4
2921,2921,12.0,56.9
2922,2922,28.9,54.6
2923,2923,25.9,35
2924,2924,20.8,61.3
2925,2925,24.1,66.8
2926,2926,22.7,45.8
2927,2927,23.5,62.9
2928,2928,27.2,48.7
2929,2929,26.5,48.2
2930,2930,24.1,63.4
2931,2931,27.5,51.2
2932,2932,28.0,53.8
2933,2933,23.8,52.4
2934,2934,29.1,54.9
2935,2935,24.0,59.7
2936,2936,23.7,55.5
2937,2937,24.7,40.5
2938,2938,19.3,50.5
2939,2939,20.8,65.5
2940,2940,16.7,60.4
2941,2941,13.1,43.8
2942,2942,22.1,18
2943,2943,21.5,22.0
2944,2944,19.2,56.0
2945,2945,18.9,24.9
2946,2946,27.0,39.4
2947,2947,27.0,34.5
2948,2948,17.8,26.6
2949,2949,30,59.7
2950,2950,19.5,64.5
2951,2951,20.1,59.5
2952,2952,27.9,45.3
2953,2953,24.5,48.4
2954,2954,29.6,48.5
2955,2955,28.5,60.8
2956,2956,27.8,50.2
2957,2957,22.5,63.9
2958,2958,18.1,39.7
2959,2959,13.2,33.9
2960,2960,15.9,36.5
2961,2961,17.9,34.9
2962,2962,21.0,46.6
2963,2963,18.4,38.2
2964,2964,19.4,41.3
2965,2965,18.6,18
2966,2966,17.2,35.9
2967,2967,22.1,54.0
2968,2968,26.8,62.5
2969,2969,25.4,54.3
2970,2970,25.3,59.7
2971,2971,21.2,47.9
2972,2972,26.2,62.8
2973,2973,29.8,47.6
2974,2974,24.8,48.4
2975,2975,19.8,42.7
2976,2976,21.8,29.8
2977,2977,14.4,44.0
2978,2978,19.7,33.9
2979,2979,19.9,55.8
2980,2980,22.1,39.0
2981,2981,18.7,23.8
2982,2982,20.8,37.0
2983,2983,19.8,47.2
2984,2984,14.2,42.8
2985,2985,14.7,41.5
2986,2986,23.3,47.8
2987,2987,18.8,41.3
2988,2988,18.2,29.4
2989,2989,14.2,32.5
2990,2990,22.0,39.6
2991,2991,16.5,40.3
2992,2992,9.2,37.8
2993,2993,21.0,34.4
2994,2994,28.0,36.6
2995,2995,14.4,63
2996,2996,19.8,43.1
2997,2997,25.6,51.1
2998,2998,19.7,44.5
2999,2999,17.8,48.0
3000,3000,13.0,42.7
3001,3001,16.9,37.5
3002,3002,19.7,22.5
3003,3003,28.0,32.4
3004,3004,19.6,32.2
3005,3005,11.2,43.4
3006,3006,21.2,47.1
3007,3007,15.0,43.3
3008,3008,28.0,40.8
3009,3009,14.6,54.4
3010,3010,25.2,41.9
3011,3011,17.9,49.3
3012,3012,16.5,37.5
3013,3013,16.0,42.9
3014,3014,22.4,53.5
3015,3015,28.0,32.8
3016,3016,15.7,19.8
3017,3017,18.0,53.4
3018,3018,23.6,48.5
3019,3019,16.0,43.1
3020,3020,20.1,37.3
3021,3021,24.4,59.5
3022,3022,25.1,64.1
3023,3023,22.6,53.9
3024,3024,25.2,52.4
3025,3025,27.7,50.7
3026,3026,24.1,59.5
3027,3027,27.5,70
3028,3028,19.5,45.1
3029,3029,23.0,49.2
3030,3030,22.3,61.5
3031,3031,26.9,50.5
3032,3032,24.4,61.2
3033,3033,17.6,47.4
3034,3034,27.0,62.0
3035,3035,28.6,50.5
3036,3036,25.3,47.6
3037,3037,19.1,59.3
3038,3038,24.1,58.9
3039,3039,16.4,22.7
3040,3040,16.3,44.8
3041,3041,21.8,40.8
3042,3042,18.8,47.1
3043,3043,13.3,37.1
3044,3044,24.0,30.2
3045,3045,19.8,45.3
3046,3046,23.0,47.3
3047,3047,19.9,27.7
3048,3048,17.5,34.4
3049,3049,21.9,39.6
3050,3050,19.1,37.7
3051,3051,26.0,57.0
3052,3052,24.3,25.5
3053,3053,23.1,43.3
3054,3054,19.7,26.8
3055,3055,23.7,37.7
3056,3056,23.9,51.6
3057,3057,23.1,39.7
3058,3058,20.2,31.0
3059,3059,22.4,47.1
3060,3060,20.3,30.5
3061,3061,13.1,59.1
3062,3062,11.9,47.8
3063,3063,20.7,40.0
3064,3064,19.5,38.7
3065,3065,17.9,18.8
3066,3066,16.8,39.4
3067,3067,25.7,46.8
3068,3068,16.1,47.5
3069,3069,23.4,60.7
3070,3070,18.6,21.8
3071,3071,20.4,36.7
3072,3072,15.6,40.1
3073,3073,21.6,35.8
3074,3074,19.7,31.2
3075,3075,22.7,42.8
3076,3076,19.9,44.0
3077,3077,28.0,56.3
3078,3078,15.0,42.3
3079,3079,22.6,50.2
3080,3080,17.3,50.4
3081,3081,23.1,50.5
3082,3082,12.4,42.3
3083,3083,22.4,48.5
3084,3084,27.5,59.0
3085,3085,25.0,60.3
3086,3086,24.2,47.4
3087,3087,16.2,52.8
3088,3088,23.6,61.0
3089,3089,24.5,41.4
3090,3090,26.9,56.4
3091,3091,25.5,56.4
3092,3092,24.6,55.6
3093,3093,26.3,20.6
3094,3094,23.4,39.5
3095,3095,21.4,45.5
3096,3096,22.2,35.8
3097,3097,18.8,58.1
3098,3098,15.9,27.3
3099,3099,18.4,57.4
3100,3100,21.0,38.9
3101,3101,20.0,35.6
3102,3102,14.1,43.7
3103,3103,28.0,34.4
3104,3104,22.5,21.2
3105,3105,22.8,51.7
3106,3106,21.1,55.7
3107,3107,14.5,35.3
3108,3108,13.0,36.2
3109,3109,17.7,43.3
3110,3110,22.7,26.1
3111,3111,30,50.7
3112,3112,30,44.1
3113,3113,22.9,65.1
3114,3114,29.2,60.0
3115,3115,28.7,50.5
3116,3116,25.1,51.2
3117,3117,25.5,42.4
3118,3118,26.0,45.2
3119,3119,27.0,67.4
3120,3120,20.8,58.6
3121,3121,22.6,48.6
3122,3122,25.5,45.6
3123,3123,19.8,59.9
3124,3124,23.9,55.8
3125,3125,25.8,54.4
3126,3126,22.8,49.7
3127,3127,25.1,50.0
3128,3128,29.1,54.9
3129,3129,23.1,37.6
3130,3130,21.1,33.9
3131,3131,23.7,31.9
3132,3132,17.5,33.4
3133,3133,25.3,41.3
3134,3134,16.6,36.4
3135,3135,24.5,50.6
3136,3136,11.9,32.9
3137,3137,23.1,29.2
3138,3138,24.0,42.7
3139,3139,7.1,20.4
3140,3140,17.2,13.4
3141,3141,10.8,19.4
3142,3142,18.9,30.3
3143,3143,13.8,31.2
3144,3144,11.7,34.9
3145,3145,14.4,15.8
3146,3146,15.0,17.8
3147,3147,19.7,27.5
3148,3148,19.1,22.6
3149,3149,21.2,32.9
3150,3150,17.6,47.8
3151,3151,16.8,33.3
3152,3152,19.1,33.3
3153,3153,14.7,54.6
3154,3154,19.3,18
3155,3155,23.0,48.5
3156,3156,25.2,46.3
3157,3157,24.3,50.6
3158,3158,28.8,49.7
3159,3159,24.2,46.6
3160,3160,26.2,53.4
3161,3161,23.9,53.8
3162,3162,26.0,50.3
3163,3163,25.7,54.9
3164,3164,25.1,60.0
3165,3165,14.0,30.0
3166,3166,8.6,34.5
3167,3167,5.7,38.2
3168,3168,6.7,13.0
3169,3169,10.2,0.7
3170,3170,5.7,40.6
3171,3171,11.2,24.0
3172,3172,21.5,0
3173,3173,9.3,16.9
3174,3174,20.9,27.3
3175,3175,17.8,25.9
3176,3176,13.9,42.8
3177,3177,15.6,32.0
3178,3178,21.3,38.2
3179,3179,17.7,38.8
3180,3180,20.5,35.8
3181,3181,24.8,46.4
3182,3182,25.1,34.8
3183,3183,25.7,62.5
3184,3184,24.3,59.8
3185,3185,27.3,61.9
3186,3186,30,40.9
3187,3187,20.6,48.7
3188,3188,27.9,57.8
3189,3189,25.0,64.5
3190,3190,30,58.0
3191,3191,30,64.0
3192,3192,26.1,51.4
3193,3193,26.4,61.7
3194,3194,27.0,57.9
3195,3195,22.4,63.1
3196,3196,23.7,55.9
3197,3197,25.8,53.3
3198,3198,24.4,52.1
3199,3199,27.7,55.5
3200,3200,26.2,46.4
3201,3201,23.6,51.9
3202,3202,28.7,61.1
3203,3203,23.7,58.1
3204,3204,19.5,54.4
3205,3205,19.9,43.6
3206,3206,26.3,53.7
3207,3207,18.6,53.3
3208,3208,16.8,40.4
3209,3209,28.4,51.2
3210,3210,23.5,60.7
3211,3211,26.2,61.6
3212,3212,30,47.1
3213,3213,25.8,52.5
3214,3214,28.3,50.3
3215,3215,22.0,60.4
3216,3216,23.6,61.9
3217,3217,28.0,52.5
3218,3218,25.6,55.8
3219,3219,15.4,47.5
3220,3220,19.8,24.6
3221,3221,19.7,44.0
3222,3222,14.8,27.3
3223,3223,22.2,42.5
3224,3224,20.3,39.3
3225,3225,18.6,27.8
3226,3226,14.7,51.2
3227,3227,27.0,54.2
3228,3228,14.0,34.0
3229,3229,20.7,54.7
3230,3230,22.0,40.2
3231,3231,28.0,37.1
3232,3232,13.7,53.8
3233,3233,20.9,45.8
3234,3234,22.1,32.9
3235,3235,21.3,59.7
3236,3236,18.5,40.8
3237,3237,26.4,47.6
3238,3238,22.9,50.0
3239,3239,23.9,50.8
3240,3240,29.8,65.0
3241,3241,26.1,60.7
3242,3242,24.0,44.5
3243,3243,23.7,68.4
3244,3244,25.2,48.0
3245,3245,21.7,52.2
3246,3246,21.2,44.6
3247,3247,21.7,55.5
3248,3248,19.3,53.8
3249,3249,12.6,46.1
3250,3250,19.3,33.6
3251,3251,19.7,40.5
3252,3252,20.9,34.1
3253,3253,10.6,45.1
3254,3254,11.9,56.6
3255,3255,26.5,64.6
3256,3256,25.8,53.1
3257,3257,21.2,53.4
3258,3258,26.0,54.5
3259,3259,24.4,54.9
3260,3260,23.9,57.8
3261,3261,25.3,61.8
3262,3262,27.0,44.0
3263,3263,25.1,53.1
3264,3264,17.0,33.6
3265,3265,12.7,45.2
3266,3266,16.2,34.0
3267,3267,10.5,42.8
3268,3268,19.5,48.1
3269,3269,22.9,37.7
3270,3270,18.4,41.5
3271,3271,21.7,48.7
3272,3272,21.1,39.6
3273,3273,27.5,49.8
3274,3274,28.2,52.7
3275,3275,24.2,51.8
3276,3276,25.1,66.1
3277,3277,29.6,51.4
3278,3278,28.1,49.8
3279,3279,23.7,51.2
3280,3280,28.4,61.4
3281,3281,23.3,57.4
3282,3282,10.3,50.0
3283,3283,14.5,49.7
3284,3284,15.7,29.9
3285,3285,21.0,47.1
3286,3286,19.4,28.5
3287,3287,18.2,19.7
3288,3288,19.4,35.9
3289,3289,18.1,43.8
3290,3290,19.7,45.5
3291,3291,23.5,32.9
3292,3292,12.8,42.4
3293,3293,23.1,47.6
3294,3294,20.0,44.3
3295,3295,21.8,50.6
3296,3296,15.8,19.9
3297,3297,20.5,37.6
3298,3298,22.3,32.3
3299,3299,19.6,26.8
3300,3300,27.6,68.5
3301,3301,19.3,49.1
3302,3302,26.5,56.6
3303,3303,23.7,57.5
3304,3304,23.0,65.0
3305,3305,20.7,47.4
3306,3306,27.4,50.4
3307,3307,26.2,51.3
3308,3308,25.5,54.1
3309,3309,23.9,62.2
3310,3310,29.8,57.9
3311,3311,28.3,59.3
3312,3312,28.9,55.6
3313,3313,26.1,62.5
3314,3314,24.2,49.8
3315,3315,22.6,61.2
3316,3316,24.6,51.4
3317,3317,21.7,52.4
3318,3318,25.8,29.7
3319,3319,21.1,40.8
3320,3320,19.1,46.2
3321,3321,16.4,36.8
3322,3322,19.7,40.1
3323,3323,22.8,29.9
3324,3324,16.6,33.4
3325,3325,18.0,37.8
3326,3326,27.0,28.7
3327,3327,14.9,21.0
3328,3328,8.7,37.1
3329,3329,17.2,13.7
3330,3330,6.0,31.1
3331,3331,8.4,32.2
3332,3332,17.0,23.7
3333,3333,10.7,10.2
3334,3334,13.9,30.1
3335,3335,3.8,30.7
3336,3336,12.3,48.3
3337,3337,13.3,37.2
3338,3338,18.5,45.8
3339,3339,10.4,40.8
3340,3340,25.0,48.2
3341,3341,25.6,41.2
3342,3342,11.4,28.3
3343,3343,13.2,33.2
3344,3344,14.4,54.2
3345,3345,12.7,35.3
3346,3346,22.6,42.5
3347,3347,15.8,55.9
3348,3348,10.7,44.9
3349,3349,23.2,53.0
3350,3350,23.9,27.4
3351,3351,18.5,41.0
3352,3352,24.6,59.6
3353,3353,23.5,41.2
3354,3354,23.0,58.7
3355,3355,25.5,63.0
3356,3356,19.6,60.4
3357,3357,30,61.6
3358,3358,23.9,45.8
3359,3359,21.5,54.0
3360,3360,17.5,56.0
3361,3361,23.6,60.1
3362,3362,21.9,48.9
3363,3363,26.9,49.9
3364,3364,27.9,55.7
3365,3365,29.3,51.4
3366,3366,30,45.5
3367,3367,22.1,65.5
3368,3368,30,52.4
3369,3369,23.9,45.7
3370,3370,19.2,49.3
3371,3371,27.2,50.3
3372,3372,13.6,40.8
3373,3373,22.6,44.1
3374,3374,18.1,30.8
3375,3375,16.2,41.2
3376,3376,15.6,50.9
3377,3377,21.1,18
3378,3378,15.1,32.4
3379,3379,24.2,36.5
3380,3380,18.3,23.8
3381,3381,23.2,42.0
3382,3382,25.7,60.6
3383,3383,23.1,49.2
3384,3384,26.5,35
3385,3385,23.7,57.8
3386,3386,26.9,58.5
3387,3387,24.1,47.6
3388,3388,30,67.6
3389,3389,27.6,48.4
3390,3390,15.8,43.6
3391,3391,13.9,29.0
3392,3392,16.0,55.0
3393,3393,25.0,45.5
3394,3394,20.4,41.5
3395,3395,9.6,36.6
3396,3396,19.3,18
3397,3397,13.3,48.7
3398,3398,14.3,36.6
3399,3399,16.1,18.0
3400,3400,14.2,31.4
3401,3401,23.1,34.2
3402,3402,17.4,29.9
3403,3403,16.6,26.5
3404,3404,7.7,34.2
3405,3405,9.0,24.5
3406,3406,10.8,21.1
3407,3407,13.0,31.8
3408,3408,19.4,54.2
3409,3409,25.2,55.7
3410,3410,24.2,63.8
3411,3411,26.1,59.0
3412,3412,23.6,60.4
3413,3413,26.8,58.9
3414,3414,21.5,48.9
3415,3415,25.4,58.3
3416,3416,24.7,40.8
3417,3417,16.0,19.4
3418,3418,4.5,19.5
3419,3419,9.7,27.4
3420,3420,16.2,22.8
3421,3421,9.2,30.6
3422,3422,6.4,26.7
3423,3423,5.4,11.1
3424,3424,19.8,3.1
3425,3425,3.7,24.5
3426,3426,20.1,40.2
3427,3427,24.2,65.0
3428,3428,27.0,51.5
3429,3429,30,48.8
3430,3430,29.3,49.4
3431,3431,25.7,58.0
3432,3432,27.7,48.3
3433,3433,24.4,65.8
3434,3434,24.8,51.0
3435,3435,14.9,44.6
3436,3436,17.9,38.6
3437,3437,17.4,24.6
3438,3438,22.1,41.2
3439,3439,19.4,50.9
3440,3440,24.3,26.4
3441,3441,20.7,24.7
3442,3442,18.6,44.2
3443,3443,21.2,28.7
3444,3444,10.9,40.9
3445,3445,9.8,23.3
3446,3446,18.5,40.0
3447,3447,3.3,42.0
3448,3448,17.4,22.0
3449,3449,7.2,28.8
3450,3450,6.9,42
3451,3451,3.1,17.3
3452,3452,20.1,16.5
3453,3453,8.2,24.7
3454,3454,13.8,40.6
3455,3455,10.5,11.9
3456,3456,9.7,44.9
3457,3457,19.6,23.3
3458,3458,5.7,17.3
3459,3459,9.6,16.5
3460,3460,22.2,5.6
3461,3461,12.5,22.0
3462,3462,11.8,26.8
3463,3463,18.2,28.9
3464,3464,17.5,14.7
3465,3465,11.6,29.5
3466,3466,20.7,28.9
3467,3467,10.1,31.0
3468,3468,8.7,14.9
3469,3469,7.5,22.0
3470,3470,14.5,11.5
3471,3471,18.1,40.1
3472,3472,19.1,35.7
3473,3473,24.6,48.0
3474,3474,12.6,44.7
3475,3475,22.4,41.8
3476,3476,19.9,50.1
3477,3477,14.0,31.7
3478,3478,14.6,44.0
3479,3479,17.7,30.6
3480,3480,12.1,17.0
3481,3481,14.9,25.7
3482,3482,7.2,34.8
3483,3483,10.2,28.8
3484,3484,14.2,25.0
3485,3485,9.0,37.8
3486,3486,11.1,7.3
3487,3487,13.6,26.6
3488,3488,6.9,22.6
3489,3489,9.0,25.2
3490,3490,6.8,34.1
3491,3491,22.7,38.7
3492,3492,4.9,41.0
3493,3493,16.1,28.6
3494,3494,0,36.2
3495,3495,12.9,28.7
3496,3496,13.3,23.9
3497,3497,8.7,34.7
3498,3498,25.3,51.7
3499,3499,22.5,53.9
3500,3500,30,48.4
3501,3501,23.2,48.2
3502,3502,26.8,62.8
3503,3503,25.7,52.9
3504,3504,28.1,64.4
3505,3505,26.2,54.8
3506,3506,22.8,49.8
3507,3507,28.0,57.7
3508,3508,29.4,56.8
3509,3509,19.6,59.1
3510,3510,17.7,57.2
3511,3511,21.9,45.7
3512,3512,23.0,51.6
3513,3513,22.5,50.7
3514,3514,23.5,43.4
3515,3515,23.0,60.1
3516,3516,11.9,26.2
3517,3517,15.1,39.3
3518,3518,17.3,40.8
3519,3519,13.6,37.2
3520,3520,12.6,23.1
3521,3521,16.6,36.0
3522,3522,23.3,32.9
3523,3523,20.3,48.4
3524,3524,18.0,53.3
3525,3525,24.3,50.8
3526,3526,23.1,53.5
3527,3527,23.5,54.6
3528,3528,25.1,64.5
3529,3529,26.8,64.2
3530,3530,25.1,63.1
3531,3531,22.3,56.6
3532,3532,26.4,56.6
3533,3533,25.2,54.9
3534,3534,16.2,36.0
3535,3535,19.4,43.1
3536,3536,15.2,33.6
3537,3537,20.8,44.3
3538,3538,20.5,41.0
3539,3539,20.3,43.2
3540,3540,21.4,60.2
3541,3541,22.6,40.6
3542,3542,18.4,47.3
3543,3543,21.9,50.4
3544,3544,23.9,63.0
3545,3545,18.3,39.5
3546,3546,14.0,34.0
3547,3547,21.1,45.3
3548,3548,19.3,53.7
3549,3549,21.8,36.0
3550,3550,17.0,30.6
3551,3551,16.3,42.4
3552,3552,20.1,45.0
3553,3553,10.2,26.0
3554,3554,15.5,16.2
3555,3555,7.1,28.1
3556,3556,8.6,39.2
3557,3557,15.6,33.9
3558,3558,10.7,31.4
3559,3559,4.8,36.1
3560,3560,10.2,16.1
3561,3561,20.2,55.6
3562,3562,22.4,57.5
3563,3563,27.0,52.1
3564,3564,25.8,64.1
3565,3565,23.1,54.1
3566,3566,21.7,63.9
3567,3567,28.9,60.9
3568,3568,30,62.8
3569,3569,23.4,68.3
3570,3570,25.6,57.3
3571,3571,29.1,58.3
3572,3572,18.2,50.0
3573,3573,30,56.9
3574,3574,26.3,56.3
3575,3575,27.4,60.5
3576,3576,29.0,68.3
3577,3577,24.2,58.8
3578,3578,26.4,47.4
3579,3579,19.3,57.6
3580,3580,27.0,47.1
3581,3581,25.0,59.3
3582,3582,27.1,63.1
3583,3583,26.6,54.6
3584,3584,21.6,53.5
3585,3585,22.1,53.2
3586,3586,30,51.0
3587,3587,19.9,48.8
3588,3588,14.3,39.8
3589,3589,20.4,53.0
3590,3590,25.5,54.4
3591,3591,18.7,42.1
3592,3592,19.0,33.0
3593,3593,13.9,44.1
3594,3594,17.0,33.2
3595,3595,21.9,40.7
3596,3596,14.5,40.9
3597,3597,12.6,29.6
3598,3598,13.5,31.2
3599,3599,21.7,14.8
3600,3600,10.3,37.5
3601,3601,23.2,19.9
3602,3602,11.1,30.2
3603,3603,15.4,25.3
3604,3604,17.8,26.4
3605,3605,16.3,20.5
3606,3606,7.9,41.3
3607,3607,20.3,16.7
3608,3608,22.5,31.9
3609,3609,24.0,38.8
3610,3610,11.1,18.9
3611,3611,20.1,42
3612,3612,12.5,32.0
3613,3613,14.9,22.4
3614,3614,3.2,28.3
3615,3615,17.4,27.6
3616,3616,16.5,21.9
3617,3617,16.1,45
3618,3618,19.6,37.8
3619,3619,21.4,7.9
3620,3620,2.8,18.6
3621,3621,5.8,22.5
3622,3622,8.5,5.5
3623,3623,13.4,9.2
3624,3624,30,51.3
3625,3625,23.1,68.3
3626,3626,19.6,50.4
3627,3627,23.3,55.9
3628,3628,21.9,54.7
3629,3629,22.7,52.6
3630,3630,19.8,43.1
3631,3631,25.9,53.9
3632,3632,26.9,61.5
3633,3633,25.6,69.3
3634,3634,22.4,51.2
3635,3635,25.2,67.6
3636,3636,21.7,49.6
3637,3637,29.7,61.2
3638,3638,21.6,53.0
3639,3639,25.6,56.9
3640,3640,27.4,56.2
3641,3641,22.8,42.9
3642,3642,26.3,60.2
3643,3643,26.2,54.9
3644,3644,30,55.0
3645,3645,26.6,47.7
3646,3646,23.5,67.9
3647,3647,24.8,57.5
3648,3648,27.9,65.1
3649,3649,22.9,55.1
3650,3650,22.9,59.0
3651,3651,23.5,64.6
3652,3652,25.8,50.2
3653,3653,24.0,59.6
3654,3654,26.0,55.6
3655,3655,27.6,59.8
3656,3656,24.5,61.2
3657,3657,25.2,63.0
3658,3658,29.0,50.6
3659,3659,23.5,65.4
3660,3660,16.2,45.8
3661,3661,22.9,24.8
3662,3662,20.7,29.7
3663,3663,20.7,20.5
3664,3664,21.7,24.9
3665,3665,13.5,18.9
3666,3666,26.0,40.8
3667,3667,15.0,45.8
3668,3668,21.1,41.4
3669,3669,19.5,42.5
3670,3670,17.3,22.6
3671,3671,23.6,40.2
3672,3672,19.7,45.4
3673,3673,18.4,49.8
3674,3674,10.0,49.7
3675,3675,12.9,44.5
3676,3676,12.5,35.9
3677,3677,17.0,48.9
3678,3678,28.5,50.1
3679,3679,26.1,50.7
3680,3680,29.6,46.4
3681,3681,26.9,52.0
3682,3682,24.2,54.6
3683,3683,22.5,59.5
3684,3684,18.7,51.7
3685,3685,17.6,54.8
3686,3686,25.5,44.7
3687,3687,12.4,34.4
3688,3688,22.5,35.5
3689,3689,21.6,53.1
3690,3690,24.1,46.9
3691,3691,21.1,40.7
3692,3692,20.6,47.3
3693,3693,21.2,49.0
3694,3694,14.6,53.0
3695,3695,25.1,39.8
3696,3696,14.2,27.3
3697,3697,15.6,10.5
3698,3698,18.1,35.2
3699,3699,14.9,10.7
3700,3700,19.3,38.3
3701,3701,11.7,28.5
3702,3702,15.3,13.2
3703,3703,18.1,14.6
3704,3704,13.7,26.8
3705,3705,18.3,38.2
3706,3706,20.1,29.7
3707,3707,19.7,30.0
3708,3708,15.7,32.1
3709,3709,25.5,37.5
3710,3710,14.9,36.1
3711,3711,19.4,42.8
3712,3712,22.7,40.2
3713,3713,16.5,31.7
3714,3714,20.2,43.4
3715,3715,15.2,33.8
3716,3716,24.3,52.5
3717,3717,19.1,52.4
3718,3718,20.8,41.1
3719,3719,11.7,18
3720,3720,25.1,18
3721,3721,25.6,18
3722,3722,22.1,43.9
3723,3723,17.1,20.4
3724,3724,12.8,28.2
3725,3725,21.6,44.4
3726,3726,20.9,35.9
3727,3727,19.4,48.0
3728,3728,20.9,28.3
3729,3729,23.9,31.9
3730,3730,19.0,37.1
3731,3731,22.0,45.0
3732,3732,24.1,35.8
3733,3733,26.0,44.8
3734,3734,18.5,53.3
3735,3735,21.1,43.0
3736,3736,18.5,38.6
3737,3737,23.9,62.0
3738,3738,19.3,50.2
3739,3739,22.7,30.7
3740,3740,16.1,40.3
3741,3741,26.1,49.8
3742,3742,28.0,53.8
3743,3743,24.5,64.6
3744,3744,24.9,64.5
3745,3745,23.4,57.6
3746,3746,20.1,49.1
3747,3747,27.2,53.9
3748,3748,30,54.9
3749,3749,18.9,66.1
3750,3750,19.5,44.7
3751,3751,15.9,44.7
3752,3752,22.5,51.5
3753,3753,17.1,49.2
3754,3754,17.2,30.2
3755,3755,20.0,49.0
3756,3756,9.3,41.5
3757,3757,18.9,50.7
3758,3758,20.5,21.4
3759,3759,5.2,38.7
3760,3760,13.0,38.4
3761,3761,15.4,16.0
3762,3762,9.9,39.7
3763,3763,12.5,20.6
3764,3764,12.4,36.4
3765,3765,16.7,25.8
3766,3766,14.6,39
3767,3767,17.5,29.2
3768,3768,22.4,54.4
3769,3769,30,61.8
3770,3770,26.8,51.8
3771,3771,30,49.2
3772,3772,28.7,50.4
3773,3773,25.4,56.1
3774,3774,24.9,54.8
3775,3775,27.0,58.8
3776,3776,24.2,49.7
3777,3777,11.9,26.2
3778,3778,17.4,22.4
3779,3779,10.3,29.3
3780,3780,15.8,45
3781,3781,22.5,40.8
3782,3782,15.4,20.0
3783,3783,15.0,24.9
3784,3784,11.5,15.1
3785,3785,10.4,21.0
3786,3786,9.4,22.2
3787,3787,12.0,34.2
3788,3788,17.0,11.4
3789,3789,21.3,32.2
3790,3790,9.8,15.1
3791,3791,14.5,18.6
3792,3792,17.9,32.0
3793,3793,19.9,22.0
3794,3794,8.5,16.9
3795,3795,25.8,58.6
3796,3796,25.7,59.5
3797,3797,20.7,57.5
3798,3798,26.0,57.6
3799,3799,20.7,44.7
3800,3800,20.8,59.4
3801,3801,23.7,58.0
3802,3802,27.6,67.0
3803,3803,26.5,57.1
3804,3804,20.0,58.1
3805,3805,17.1,19.8
3806,3806,20.8,36.2
3807,3807,23.0,37.0
3808,3808,18.4,47.6
3809,3809,20.1,47.9
3810,3810,26.3,31.0
3811,3811,21.3,35.8
3812,3812,15.3,36.3
3813,3813,16.2,38.2
3814,3814,23.0,33.5
3815,3815,19.3,52.7
3816,3816,16.0,38.2
3817,3817,19.6,37.4
3818,3818,23.5,53.6
3819,3819,13.4,38.4
3820,3820,18.1,27.6
3821,3821,13.1,43.7
3822,3822,18.5,38.1
3823,3823,21.1,43.0
3824,3824,21.3,43.2
3825,3825,11.1,47.9
3826,3826,24.3,45.0
3827,3827,16.7,18
3828,3828,15.7,24.3
3829,3829,19.0,32.2
3830,3830,14.8,32.3
3831,3831,21.2,42.9
3832,3832,12.0,39.8
3833,3833,14.3,42.3
3834,3834,20.2,40.9
3835,3835,21.9,33.6
3836,3836,24.4,48.5
3837,3837,21.3,47.9
3838,3838,12.9,49.3
3839,3839,22.8,39.4
3840,3840,18.2,42.1
3841,3841,18.1,37.7
3842,3842,12.3,50.5
3843,3843,13.8,28.1
3844,3844,19.6,43.3
3845,3845,26.2,31.3
3846,3846,22.6,49.0
3847,3847,18.5,56.2
3848,3848,14.7,36.7
3849,3849,18.5,33.7
3850,3850,16.6,44.4
3851,3851,21.5,47.8
3852,3852,18.3,28.0
3853,3853,17.0,43.2
3854,3854,19.1,34.7
3855,3855,17.3,42.0
3856,3856,26.1,50.0
3857,3857,16.1,63
3858,3858,16.9,59.7
3859,3859,20.5,24.5
3860,3860,16.5,38.3
3861,3861,16.8,30.2
3862,3862,21.1,20.8
3863,3863,10.1,39.3
3864,3864,18.5,30.5
3865,3865,11.5,37.8
3866,3866,18.7,34.7
3867,3867,17.6,53.8
3868,3868,19.6,62.2
3869,3869,20.7,51.5
3870,3870,20.5,36.6
3871,3871,21.5,23.0
3872,3872,17.9,29.3
3873,3873,13.7,36.2
3874,3874,14.3,32.2
3875,3875,19.8,50.0
3876,3876,17.3,18
3877,3877,8.8,40.5
3878,3878,14.4,42.8
3879,3879,19.5,39.1
3880,3880,24.9,18
3881,3881,16.9,48.9
3882,3882,21.5,29.6
3883,3883,17.6,31.7
3884,3884,18.7,48.1
3885,3885,23.7,48.7
3886,3886,25.7,56.8
3887,3887,26.4,56.5
3888,3888,25.3,49.3
3889,3889,25.5,62.0
3890,3890,27.1,47.1
3891,3891,27.3,64.8
3892,3892,23.6,52.6
3893,3893,24.6,61.3
3894,3894,24.9,43.7
3895,3895,18.1,51.3
3896,3896,21.4,46.1
3897,3897,22.0,55.3
3898,3898,23.7,54.6
3899,3899,25.1,53.7
3900,3900,25.7,53.3
3901,3901,20.2,64.2
3902,3902,21.6,62.0
3903,3903,25.3,49.7
3904,3904,28.0,57.4
3905,3905,23.7,56.3
3906,3906,21.6,59.1
3907,3907,25.9,63.3
3908,3908,25.0,53.0
3909,3909,25.2,54.6
3910,3910,25.5,48.7
3911,3911,29.3,43.3
3912,3912,19.4,49.6
3913,3913,24.6,44.9
3914,3914,18.0,38.1
3915,3915,20.1,32.3
3916,3916,18.0,29.3
3917,3917,14.6,47.7
3918,3918,19.5,27.0
3919,3919,21.8,27.5
3920,3920,23.1,46.5
3921,3921,27.2,53.4
3922,3922,25.5,55.9
3923,3923,20.2,49.8
3924,3924,26.1,52.9
3925,3925,26.0,43.1
3926,3926,18.0,48.0
3927,3927,24.5,54.0
3928,3928,27.4,63.3
3929,3929,25.7,54.7
3930,3930,21.5,22.4
3931,3931,10.6,41.1
3932,3932,18.9,20.8
3933,3933,21.2,3.9
3934,3934,24.0,22.8
3935,3935,18.4,17.6
3936,3936,22.0,28.4
3937,3937,8.2,16.9
3938,3938,10.1,15.2
3939,3939,24.0,56.5
3940,3940,19.9,50.2
3941,3941,28.0,42.3
3942,3942,23.9,60.8
3943,3943,27.9,44.9
3944,3944,27.4,62.5
3945,3945,24.1,69.8
3946,3946,22.9,55.7
3947,3947,26.9,49.0
3948,3948,27.6,44.7
3949,3949,29.0,59.7
3950,3950,27.5,43.3
3951,3951,27.7,52.7
3952,3952,24.3,52.7
3953,3953,29.4,60.1
3954,3954,23.4,57.4
3955,3955,26.3,63.7
3956,3956,23.6,57.1
3957,3957,28.5,55.9
3958,3958,24.6,59.1
3959,3959,24.2,43.3
3960,3960,26.1,57.8
3961,3961,26.5,44.0
3962,3962,28.1,40.9
3963,3963,18.6,48.5
3964,3964,30,57.3
3965,3965,26.8,56.9
3966,3966,22.3,37.5
3967,3967,21.6,61.3
3968,3968,10.0,44.7
3969,3969,22.7,63
3970,3970,18.3,36.4
3971,3971,17.0,44.8
3972,3972,24.1,18
3973,3973,14.1,42.5
3974,3974,21.0,44.8
3975,3975,24.0,35.8
3976,3976,23.5,33.9
3977,3977,22.9,32.9
3978,3978,13.6,31.2
3979,3979,10.1,10.8
3980,3980,1.9,20.1
3981,3981,11.6,19.7
3982,3982,15.2,22.5
3983,3983,16.5,10.8
3984,3984,8.3,36.7
3985,3985,18.5,28.4
3986,3986,19.4,50.5
3987,3987,22.5,31.2
3988,3988,20.4,34.9
3989,3989,15.9,44.9
3990,3990,19.8,39.5
3991,3991,11.5,53.1
3992,3992,17.6,40.5
3993,3993,18.8,40.5
3994,3994,25.6,49.7
3995,3995,16.5,33.5
3996,3996,25.0,39.3
3997,3997,22.6,40.8
3998,3998,17.4,30.6
3999,3999,12.2,37.5
4000,4000,21.2,39.4
4001,4001,25.6,36.7
4002,4002,14.6,20.2
4003,4003,12.5,40.2
4004,4004,21.8,44.0
4005,4005,21.3,23.4
4006,4006,6.7,34.5
4007,4007,20.2,22.2
4008,4008,17.0,13.7
4009,4009,9.7,15.5
4010,4010,0,17.8
4011,4011,25.3,63.7
4012,4012,21.3,56.2
4013,4013,28.0,51.9
4014,4014,26.1,54.4
4015,4015,28.5,53.6
4016,4016,23.7,57.6
4017,4017,28.1,50.8
4018,4018,23.3,63.3
4019,4019,25.9,46.7
4020,4020,11.4,22.8
4021,4021,19.5,18.1
4022,4022,8.9,37.5
4023,4023,16.5,29.0
4024,4024,17.7,42.8
4025,4025,13.0,42
4026,4026,10.4,21.3
4027,4027,13.7,28.9
4028,4028,10.7,0
4029,4029,22.3,36.4
4030,4030,24.3,47.2
4031,4031,15.4,38.1
4032,4032,23.2,61.7
4033,4033,21.4,38.8
4034,4034,20.9,34.8
4035,4035,25.4,51.9
4036,4036,23.9,49.7
4037,4037,24.7,42.3
4038,4038,18.4,28.9
4039,4039,15.6,21.6
4040,4040,12.2,24.4
4041,4041,16.2,25.8
4042,4042,15.7,33.7
4043,4043,12.9,27.8
4044,4044,11.4,27.6
4045,4045,19.5,33.7
4046,4046,11.9,25.0
4047,4047,14.4,38.5
4048,4048,20.9,29.4
4049,4049,12.2,44.8
4050,4050,14.5,21.8
4051,4051,16.4,26.4
4052,4052,11.4,25.6
4053,4053,17.8,25.4
4054,4054,2.5,18.7
4055,4055,12.7,23.6
4056,4056,23.6,22.5
4057,4057,6.8,36.5
4058,4058,12.2,45
4059,4059,12.4,16.5
4060,4060,8.5,16.0
4061,4061,14.4,16.6
4062,4062,8.8,24.9
4063,4063,14.2,12.2
4064,4064,17.7,33.7
4065,4065,15.6,29.8
4066,4066,21.6,43.2
4067,4067,21.5,20.8
4068,4068,22.6,40.3
4069,4069,20.6,53.6
4070,4070,17.6,32.6
4071,4071,15.1,38.5
4072,4072,25.3,60.2
4073,4073,11.4,49.9
4074,4074,25.0,51.3
4075,4075,27.2,52.2
4076,4076,26.1,67.6
4077,4077,24.8,50.5
4078,4078,25.5,58.7
4079,4079,22.1,48.0
4080,4080,24.5,40.5
4081,4081,22.0,59.1
4082,4082,24.4,55.4
4083,4083,18.7,33.7
4084,4084,9.6,29.1
4085,4085,10.0,19.7
4086,4086,21.8,9.9
4087,4087,9.6,19.9
4088,4088,18.2,17.5
4089,4089,22.6,31.6
4090,4090,10.3,17.1
4091,4091,14.1,35.7
4092,4092,21.5,51.6
4093,4093,18.5,19.4
4094,4094,18.2,22.2
4095,4095,17.1,34.3
4096,4096,19.2,46.0
4097,4097,18.1,32.8
4098,4098,15.0,61.4
4099,4099,23.6,51.2
4100,4100,20.4,57.8
4101,4101,24.8,60.3
4102,4102,24.7,51.6
4103,4103,27.7,42.6
4104,4104,25.7,59.0
4105,4105,27.1,56.8
4106,4106,25.4,39.6
4107,4107,18.6,55.9
4108,4108,21.6,50.7
4109,4109,25.5,56.2
4110,4110,21.0,20.7
4111,4111,22.8,58.4
4112,4112,11.6,25.3
4113,4113,14.3,38.6
4114,4114,17.4,45.6
4115,4115,17.1,31.8
4116,4116,25.4,31.8
4117,4117,20.0,47.7
4118,4118,24.1,33.3
4119,4119,14.4,56.6
4120,4120,22.6,30.6
4121,4121,21.3,40.8
4122,4122,20.2,24.1
4123,4123,18.1,36.2
4124,4124,17.6,59.8
4125,4125,26.0,46.5
4126,4126,8.0,25.6
4127,4127,17.2,29.1
4128,4128,8.6,15.9
4129,4129,19.5,44.8
4130,4130,6.8,31.1
4131,4131,7.5,17.8
4132,4132,17.9,34.6
4133,4133,19.8,28.6
4134,4134,16.1,31.9
4135,4135,15.2,19.3
4136,4136,10.4,25.3
4137,4137,23.2,48.5
4138,4138,29.1,62.2
4139,4139,27.0,58.4
4140,4140,22.1,60.2
4141,4141,22.6,52.1
4142,4142,22.6,51.1
4143,4143,27.0,67.7
4144,4144,25.6,52.8
4145,4145,25.7,50.4
4146,4146,17.4,29.0
4147,4147,19.6,50.9
4148,4148,22.4,61.8
4149,4149,15.2,37.6
4150,4150,19.2,42.3
4151,4151,24.3,28.8
4152,4152,28.0,38.6
4153,4153,17.5,44.5
4154,4154,18.6,45.9
4155,4155,21.4,59.2
4156,4156,29.1,65.1
4157,4157,26.3,53.9
4158,4158,26.7,53.8
4159,4159,29.7,55.5
4160,4160,25.0,58.6
4161,4161,27.6,51.1
4162,4162,28.7,49.9
4163,4163,27.0,51.3
4164,4164,23.7,68.2
4165,4165,23.6,55.4
4166,4166,23.7,56.4
4167,4167,25.6,42.6
4168,4168,25.7,55.4
4169,4169,25.4,62.6
4170,4170,21.9,55.5
4171,4171,26.4,55.3
4172,4172,28.1,60.9
4173,4173,25.3,56.9
4174,4174,25.1,62.8
4175,4175,25.8,56.1
4176,4176,30,51.7
4177,4177,25.9,61.7
4178,4178,28.8,56.4
4179,4179,21.4,53.3
4180,4180,22.2,58.3
4181,4181,26.5,55.7
4182,4182,20.4,62.5
4183,4183,28.3,42.5
4184,4184,28.5,59.4
4185,4185,27.3,45.5
4186,4186,30,58.9
4187,4187,22.7,57.7
4188,4188,20.7,48.8
4189,4189,21.7,57.6
4190,4190,25.7,54.0
4191,4191,25.4,46.2
4192,4192,23.7,46.4
4193,4193,22.7,45.5
4194,4194,29.0,57.5
4195,4195,25.9,49.5
4196,4196,27.7,52.0
4197,4197,29.3,54.4
4198,4198,26.3,63.9
4199,4199,22.2,61.0
4200,4200,21.7,49.3
4201,4201,13.8,41.2
4202,4202,22.3,25.2
4203,4203,20.5,54.8
4204,4204,11.4,29.0
4205,4205,19.5,36.5
4206,4206,21.2,49.1
4207,4207,23.4,41.8
4208,4208,21.1,28.7
4209,4209,22.2,27.6
4210,4210,15.0,29.2
4211,4211,24.1,22.5
4212,4212,19.6,55.1
4213,4213,12.1,28.3
4214,4214,25.9,27.5
4215,4215,25.3,36.2
4216,4216,11.7,21.6
4217,4217,26.3,43.5
4218,4218,19.4,40.9
4219,4219,5.9,25.8
4220,4220,18.8,26.3
4221,4221,18.3,44.2
4222,4222,19.4,31.3
4223,4223,14.6,19.5
4224,4224,9.2,21.7
4225,4225,12.9,7.2
4226,4226,17.1,9.5
4227,4227,4.4,38.0
4228,4228,13.3,18.1
4229,4229,13.3,41.3
4230,4230,13.5,45
4231,4231,18.0,34.9
4232,4232,11.1,20.1
4233,4233,8.9,21.8
4234,4234,21.2,36.4
4235,4235,14.3,32.0
4236,4236,22.3,61.2
4237,4237,22.9,57.4
4238,4238,26.9,61.2
4239,4239,23.4,60.9
4240,4240,23.0,52.5
4241,4241,24.4,63.7
4242,4242,30,51.4
4243,4243,21.4,53.1
4244,4244,20.3,45.5
4245,4245,22.3,27.0
4246,4246,7.8,34.4
4247,4247,12.9,34.6
4248,4248,8.7,41.1
4249,4249,24.0,27.8
4250,4250,13.7,36.3
4251,4251,5.4,42
4252,4252,9.6,32.8
4253,4253,12.7,3.7
4254,4254,15.6,32.1
4255,4255,13.5,30.3
4256,4256,12.7,45
4257,4257,17.2,18.7
4258,4258,14.4,22.8
4259,4259,7.5,19.4
4260,4260,2.5,19.4
4261,4261,6.1,25.0
4262,4262,14.8,22.8
4263,4263,26.2,61.4
4264,4264,21.0,52.2
4265,4265,25.8,50.0
4266,4266,23.7,46.7
4267,4267,23.1,59.1
4268,4268,23.7,59.6
4269,4269,26.5,56.1
4270,4270,24.6,52.8
4271,4271,25.2,70
4272,4272,24.3,47.2
4273,4273,21.5,29.2
4274,4274,19.9,48.4
4275,4275,23.3,47.7
4276,4276,15.8,34.3
4277,4277,24.8,42.3
4278,4278,20.2,32.1
4279,4279,20.4,47.5
4280,4280,17.7,32.7
4281,4281,30,58.8
4282,4282,30,56.1
4283,4283,22.5,58.1
4284,4284,24.3,54.6
4285,4285,25.9,37.0
4286,4286,25.2,53.4
4287,4287,26.8,49.7
4288,4288,26.2,41.6
4289,4289,23.7,60.0
4290,4290,16.8,35.5
4291,4291,17.0,25.9
4292,4292,20.7,43.9
4293,4293,11.6,49.0
4294,4294,18.2,45.0
4295,4295,17.6,43.0
4296,4296,18.5,35.6
4297,4297,20.2,33.0
4298,4298,10.9,18
4299,4299,22.0,54.3
4300,4300,29.2,65.3
4301,4301,19.1,45.6
4302,4302,27.2,52.7
4303,4303,26.6,41.8
4304,4304,29.3,60.2
4305,4305,25.7,60.1
4306,4306,25.4,61.4
4307,4307,27.5,48.6
4308,4308,30,53.2
4309,4309,28.1,62.5
4310,4310,24.0,59.8
4311,4311,30,58.3
4312,4312,23.6,50.3
4313,4313,24.6,40.9
4314,4314,26.3,58.5
4315,4315,25.5,45.4
4316,4316,29.5,50.8
4317,4317,20.6,54.2
4318,4318,18.0,40.2
4319,4319,16.1,23.0
4320,4320,18.6,41.3
4321,4321,19.5,36.5
4322,4322,26.3,35.6
4323,4323,18.4,33.6
4324,4324,16.7,51.2
4325,4325,18.1,61.1
4326,4326,28.8,44.1
4327,4327,20.3,54.0
4328,4328,22.6,55.9
4329,4329,24.0,58.6
4330,4330,30,46.3
4331,4331,20.0,60.8
4332,4332,28.3,47.6
4333,4333,22.6,49.8
4334,4334,29.5,56.0
4335,4335,21.7,48.8
4336,4336,14.7,22.7
4337,4337,20.7,27.8
4338,4338,16.7,39.5
4339,4339,15.0,63
4340,4340,20.0,36.0
4341,4341,17.7,33.1
4342,4342,21.9,21.5
4343,4343,18.4,34.0
4344,4344,21.5,57.7
4345,4345,25.5,51.1
4346,4346,23.1,48.1
4347,4347,28.6,51.9
4348,4348,29.6,43.2
4349,4349,26.6,53.1
4350,4350,25.2,53.9
4351,4351,25.4,54.2
4352,4352,22.2,56.6
4353,4353,25.1,23.4
4354,4354,18.6,35.0
4355,4355,20.1,34.1
4356,4356,16.8,61.7
4357,4357,24.2,33.7
4358,4358,13.3,31.0
4359,4359,17.8,57.2
4360,4360,20.2,48.1
4361,4361,22.5,24.6
4362,4362,26.4,40.4
4363,4363,24.1,36.1
4364,4364,14.8,58.8
4365,4365,11.2,48.7
4366,4366,18.8,43.9
4367,4367,21.9,35.8
4368,4368,16.6,19.8
4369,4369,19.2,40.0
4370,4370,23.5,48.2
4371,4371,13.1,27.8
4372,4372,8.3,33.4
4373,4373,17.9,37.6
4374,4374,17.7,39.5
4375,4375,14.5,38.6
4376,4376,18.3,17.3
4377,4377,20.4,24.5
4378,4378,9.0,29.3
4379,4379,13.6,29.0
4380,4380,23.7,53.0
4381,4381,20.8,59.5
4382,4382,27.5,47.0
4383,4383,25.9,51.1
4384,4384,28.8,53.8
4385,4385,23.9,57.8
4386,4386,22.7,61.4
4387,4387,22.5,55.5
4388,4388,25.0,46.9
4389,4389,12.1,35.4
4390,4390,18.0,53.4
4391,4391,23.0,36.1
4392,4392,25.1,58.5
4393,4393,15.3,34.3
4394,4394,18.3,30.6
4395,4395,23.0,47.8
4396,4396,13.7,53.6
4397,4397,14.6,44.7
4398,4398,27.3,45.4
4399,4399,27.8,57.7
4400,4400,24.8,57.3
4401,4401,26.1,50.0
4402,4402,18.3,54.7
4403,4403,29.7,45.5
4404,4404,28.2,57.9
4405,4405,26.9,64.8
4406,4406,30,66.9
4407,4407,27.6,57.4
4408,4408,22.7,38.8
4409,4409,17.7,46.4
4410,4410,28.5,42.9
4411,4411,26.6,57.3
4412,4412,24.9,50.0
4413,4413,25.7,51.6
4414,4414,19.7,58.0
4415,4415,24.9,54.4
4416,4416,22.7,52.3
4417,4417,25.6,65.0
4418,4418,21.1,56.9
4419,4419,27.0,49.6
4420,4420,24.7,70
4421,4421,25.7,52.4
4422,4422,30,46.3
4423,4423,25.5,52.3
4424,4424,25.0,57.1
4425,4425,19.4,46.3
4426,4426,20.9,60.1
4427,4427,14.5,44.6
4428,4428,14.3,59.1
4429,4429,26.4,47.4
4430,4430,23.1,42.6
4431,4431,28.0,37.8
4432,4432,23.3,35.0
4433,4433,22.4,38.2
4434,4434,23.3,33.7
4435,4435,26.0,46.0
4436,4436,17.9,30.4
4437,4437,16.7,47.6
4438,4438,19.7,46.1
4439,4439,14.9,33.0
4440,4440,22.6,47.3
4441,4441,18.3,25.3
4442,4442,20.4,37.1
4443,4443,28.0,56.4
4444,4444,17.4,47.4
4445,4445,18.4,37.0
4446,4446,19.4,41.9
4447,4447,22.0,35.8
4448,4448,18.5,36.0
4449,4449,23.6,30.8
4450,4450,24.7,29.8
4451,4451,20.0,37.5
4452,4452,26.6,58.1
4453,4453,29.3,52.9
4454,4454,19.1,60.4
4455,4455,24.2,55.8
4456,4456,25.4,44.1
4457,4457,24.2,53.7
4458,4458,23.0,46.1
4459,4459,25.0,52.4
4460,4460,23.9,65.2
4461,4461,16.0,25.0
4462,4462,14.9,29.8
4463,4463,20.6,31.9
4464,4464,17.8,31.7
4465,4465,18.5,27.5
4466,4466,7.7,38.1
4467,4467,11.3,16.6
4468,4468,11.2,23.7
4469,4469,5.3,13.5
4470,4470,28.5,58.2
4471,4471,24.6,67.1
4472,4472,20.4,54.9
4473,4473,23.0,47.3
4474,4474,18.3,46.2
4475,4475,28.0,55.9
4476,4476,25.3,41.5
4477,4477,26.8,55.2
4478,4478,26.9,57.1
4479,4479,19.8,44.3
4480,4480,19.6,43.2
4481,4481,19.6,46.9
4482,4482,24.9,46.9
4483,4483,13.7,23.5
4484,4484,18.7,40.8
4485,4485,16.0,39.5
4486,4486,22.4,45.3
4487,4487,18.7,39.2
4488,4488,19.4,59.2
4489,4489,27.3,65.1
4490,4490,25.5,56.9
4491,4491,22.0,42.3
4492,4492,22.3,56.7
4493,4493,24.7,70
4494,4494,29.6,65.9
4495,4495,26.8,42.2
4496,4496,26.9,55.2
4497,4497,7.4,45
4498,4498,8.8,22.9
4499,4499,9.1,23.7
4500,4500,8.3,32.8
4501,4501,6.3,22.9
4502,4502,11.0,14.5
4503,4503,11.7,24.0
4504,4504,17.2,16.3
4505,4505,21.3,30.4
4506,4506,29.4,47.5
4507,4507,27.5,53.6
4508,4508,28.0,59.8
4509,4509,25.5,57.0
4510,4510,22.2,49.3
4511,4511,29.8,67.7
4512,4512,27.1,58.0
4513,4513,25.4,58.6
4514,4514,30,62.6
4515,4515,26.6,55.2
4516,4516,28.0,62.1
4517,4517,29.3,50.8
4518,4518,27.2,60.5
4519,4519,24.5,51.9
4520,4520,30,58.1
4521,4521,27.3,58.5
4522,4522,25.0,59.6
4523,4523,24.1,45.8
4524,4524,26.1,53.2
4525,4525,25.8,57.0
4526,4526,27.1,63.0
4527,4527,28.4,47.9
4528,4528,23.2,68.4
4529,4529,18.5,46.4
4530,4530,25.7,54.4
4531,4531,25.5,52.7
4532,4532,27.0,62.7
4533,4533,9.2,27.9
4534,4534,19.1,26.0
4535,4535,23.8,22.2
4536,4536,14.5,38.0
4537,4537,5.8,20.3
4538,4538,19.2,29.9
4539,4539,10.1,16.0
4540,4540,19.7,20.1
4541,4541,10.0,6.3
4542,4542,15.6,33.6
4543,4543,20.9,43.5
4544,4544,13.2,33.4
4545,4545,8.3,8.6
4546,4546,12.7,20.6
4547,4547,8.9,7.4
4548,4548,11.9,0.7
4549,4549,11.5,0
4550,4550,9.5,0
4551,4551,20.0,50.4
4552,4552,30,48.8
4553,4553,23.6,49.2
4554,4554,25.2,70
4555,4555,29.2,60.1
4556,4556,22.0,53.7
4557,4557,22.7,60.7
4558,4558,23.4,47.7
4559,4559,19.6,47.3
4560,4560,23.2,37.8
4561,4561,22.2,39.6
4562,4562,13.6,52.2
4563,4563,20.7,37.1
4564,4564,18.8,42.1
4565,4565,10.8,30.0
4566,4566,11.7,39.1
4567,4567,16.1,35.0
4568,4568,15.4,35.4
4569,4569,30,56.2
4570,4570,25.3,67.1
4571,4571,24.7,61.9
4572,4572,30,54.7
4573,4573,23.0,52.4
4574,4574,26.0,49.6
4575,4575,26.2,67.4
4576,4576,21.3,60.3
4577,4577,30,64.3
4578,4578,30,50.2
4579,4579,26.1,53.8
4580,4580,30,63.9
4581,4581,26.6,60.5
4582,4582,19.0,61.2
4583,4583,24.5,65.5
4584,4584,26.5,58.0
4585,4585,29.1,50.7
4586,4586,26.8,41.3
4587,4587,17.6,35.8
4588,4588,16.1,38.4
4589,4589,20.1,20.4
4590,4590,17.7,11.2
4591,4591,24.0,31.6
4592,4592,12.3,22.4
4593,4593,5.6,26.5
4594,4594,10.6,30.2
4595,4595,5.2,25.1
4596,4596,26.6,44.9
4597,4597,26.7,52.5
4598,4598,23.0,50.5
4599,4599,25.3,50.7
4600,4600,22.6,47.8
4601,4601,25.6,48.7
4602,4602,21.2,66.9
4603,4603,26.0,58.2
4604,4604,24.4,50.7
4605,4605,11.7,45
4606,4606,14.5,35.1
4607,4607,0.6,26.8
4608,4608,15.3,29.7
4609,4609,9.0,27.3
4610,4610,13.9,6.9
4611,4611,13.9,25.4
4612,4612,8.5,27.7
4613,4613,16.3,11.0
4614,4614,20.5,26.4
4615,4615,16.0,38.4
4616,4616,20.3,50.3
4617,4617,25.8,62.1
4618,4618,28.0,36.8
4619,4619,23.2,34.2
4620,4620,19.1,31.7
4621,4621,13.5,34.5
4622,4622,17.8,25.5
4623,4623,26.8,56.6
4624,4624,26.1,64.9
4625,4625,27.1,46.4
4626,4626,29.0,59.1
4627,4627,24.4,65.5
4628,4628,26.7,58.1
4629,4629,22.6,67.7
4630,4630,23.5,49.9
4631,4631,29.7,60.3
4632,4632,15.6,13.6
4633,4633,11.3,19.8
4634,4634,14.4,25.1
4635,4635,5.9,20.5
4636,4636,24.0,42.2
4637,4637,20.6,33.0
4638,4638,12.3,25.8
4639,4639,9.3,18.2
4640,4640,6.8,16.3
4641,4641,21.4,40.7
4642,4642,26.2,48.7
4643,4643,22.9,51.1
4644,4644,21.4,43.0
4645,4645,23.6,32.2
4646,4646,14.7,47.2
4647,4647,19.5,45.9
4648,4648,19.8,57.8
4649,4649,22.9,50.7
4650,4650,21.9,48.0
4651,4651,25.3,64.9
4652,4652,22.4,41.2
4653,4653,26.0,57.0
4654,4654,24.7,56.6
4655,4655,24.4,45.9
4656,4656,25.2,58.9
4657,4657,22.6,51.6
4658,4658,22.1,55.6
4659,4659,6.2,30.0
4660,4660,8.4,34.1
4661,4661,11.3,41.8
4662,4662,8.7,35.6
4663,4663,23.2,18.4
4664,4664,15.1,16.0
4665,4665,12.6,22.6
4666,4666,15.9,23.1
4667,4667,9.9,19.5
4668,4668,16.2,38.3
4669,4669,18.8,19.3
4670,4670,9.6,23.9
4671,4671,18.6,30.9
4672,4672,16.0,36.4
4673,4673,15.8,33.8
4674,4674,8.6,42
4675,4675,18.2,15.0
4676,4676,7.8,13.0
4677,4677,24.2,61.0
4678,4678,24.9,49.0
4679,4679,25.7,49.2
4680,4680,21.3,51.0
4681,4681,25.2,65.9
4682,4682,22.8,52.3
4683,4683,26.7,51.2
4684,4684,27.4,45.7
4685,4685,25.6,64.3
4686,4686,9.7,43.4
4687,4687,10.9,28.4
4688,4688,24.7,61.9
4689,4689,23.2,51.1
4690,4690,19.3,28.6
4691,4691,17.1,46.7
4692,4692,15.9,48.2
4693,4693,20.3,36.0
4694,4694,22.1,42.2
4695,4695,18.5,33.0
4696,4696,23.1,52.7
4697,4697,20.3,43.7
4698,4698,17.0,48.7
4699,4699,17.9,30.4
4700,4700,13.7,26.2
4701,4701,15.0,36.4
4702,4702,23.9,33.6
4703,4703,18.7,49.4
4704,4704,24.0,56.9
4705,4705,24.1,54.3
4706,4706,26.5,52.1
4707,4707,29.5,50.3
4708,4708,26.1,62.3
4709,4709,21.4,60.7
4710,4710,25.4,62.6
4711,4711,20.4,54.7
4712,4712,25.4,53.4
4713,4713,15.1,49.0
4714,4714,23.4,30.4
4715,4715,16.0,43.1
4716,4716,19.4,42.6
4717,4717,21.7,42.6
4718,4718,21.3,38.1
4719,4719,15.8,44.3
4720,4720,18.2,23.4
4721,4721,19.7,45.1
4722,4722,17.4,35.6
4723,4723,14.2,29.4
4724,4724,15.7,37.7
4725,4725,13.7,22.9
4726,4726,7.9,41.8
4727,4727,16.7,33.9
4728,4728,13.1,41.6
4729,4729,10.0,16.7
4730,4730,18.2,10.3
4731,4731,22.1,41.4
4732,4732,23.8,43.6
4733,4733,25.8,34.1
4734,4734,24.4,48.6
4735,4735,17.9,35.5
4736,4736,25.9,46.6
4737,4737,21.7,36.1
4738,4738,17.7,18
4739,4739,15.2,28.1
4740,4740,20.2,26.8
4741,4741,20.1,38.6
4742,4742,10.2,34.8
4743,4743,16.5,33.4
4744,4744,20.5,47.9
4745,4745,13.9,51.1
4746,4746,24.5,31.8
4747,4747,13.4,41.3
4748,4748,19.5,35.6
4749,4749,14.4,43.1
4750,4750,24.0,38.6
4751,4751,14.9,21.6
4752,4752,17.8,40.9
4753,4753,18.7,42.6
4754,4754,16.0,34.6
4755,4755,18.1,34.1
4756,4756,16.5,40.2
4757,4757,25.3,34.4
4758,4758,26.5,60.7
4759,4759,26.8,60.4
4760,4760,22.7,66.5
4761,4761,19.4,66.9
4762,4762,23.0,42.9
4763,4763,24.1,62.3
4764,4764,21.4,54.9
4765,4765,22.6,52.0
4766,4766,26.8,55.6
4767,4767,15.3,39.6
4768,4768,21.2,54.1
4769,4769,12.8,24.8
4770,4770,17.2,34.9
4771,4771,16.3,44.1
4772,4772,12.0,42.9
4773,4773,18.3,39.2
4774,4774,18.0,43.4
4775,4775,22.8,41.7
4776,4776,27.0,59.1
4777,4777,28.9,57.4
4778,4778,24.1,48.2
4779,4779,20.3,57.6
4780,4780,20.3,62.1
4781,4781,25.2,50.6
4782,4782,28.9,59.7
4783,4783,29.4,56.8
4784,4784,26.6,65.6
4785,4785,18.3,52.2
4786,4786,18.3,34.4
4787,4787,20.0,45.1
4788,4788,19.8,30.5
4789,4789,14.7,22.3
4790,4790,11.2,35.2
4791,4791,8.0,33.1
4792,4792,23.2,48.0
4793,4793,18.6,52.4
4794,4794,26.1,40.1
4795,4795,23.0,34.1
4796,4796,11.5,42.3
4797,4797,20.6,18
4798,4798,17.4,59.8
4799,4799,19.3,35.0
4800,4800,20.2,54.4
4801,4801,18.1,29.6
4802,4802,21.3,42.9
4803,4803,22.2,49.4
4804,4804,24.2,38.6
4805,4805,30,62.5
4806,4806,26.4,48.6
4807,4807,27.4,54.2
4808,4808,22.9,48.1
4809,4809,24.9,53.6
4810,4810,24.5,55.7
4811,4811,27.6,57.5
4812,4812,29.2,55.2
4813,4813,24.2,69.5
4814,4814,23.2,39.1
4815,4815,30,48.9
4816,4816,22.9,47.4
4817,4817,27.8,57.6
4818,4818,27.2,44.4
4819,4819,26.7,63.0
4820,4820,22.7,50.6
4821,4821,27.4,58.2
4822,4822,30,51.5
4823,4823,23.9,57.0
4824,4824,23.2,66.4
4825,4825,26.6,64.6
4826,4826,28.9,48.5
4827,4827,22.3,42.9
4828,4828,27.7,50.3
4829,4829,22.4,53.9
4830,4830,29.8,58.2
4831,4831,27.1,63.6
4832,4832,28.5,61.0
4833,4833,25.5,45.3
4834,4834,22.1,57.5
4835,4835,24.0,48.9
4836,4836,21.7,50.9
4837,4837,24.0,48.9
4838,4838,24.9,53.7
4839,4839,27.9,53.0
4840,4840,22.9,50.8
4841,4841,24.1,59.2
4842,4842,19.7,46.9
4843,4843,23.1,63.4
4844,4844,21.7,46.0
4845,4845,21.4,50.4
4846,4846,23.8,52.2
4847,4847,17.1,64.7
4848,4848,18.3,41.3
4849,4849,16.9,54.1
4850,4850,15.9,22.1
4851,4851,17.4,63
4852,4852,20.1,36.0
4853,4853,17.9,50.7
4854,4854,20.8,55.6
4855,4855,22.3,39.9
4856,4856,18.7,48.7
4857,4857,21.5,33.7
4858,4858,25.0,18
4859,4859,21.8,48.5
4860,4860,17.7,53.1
4861,4861,20.3,34.7
4862,4862,17.8,43.6
4863,4863,14.3,35.7
4864,4864,24.1,27.2
4865,4865,16.5,57.3
4866,4866,19.4,57.2
4867,4867,20.0,70
4868,4868,29.5,69.3
4869,4869,27.0,56.4
4870,4870,25.2,47.9
4871,4871,23.8,58.7
4872,4872,24.0,63.6
4873,4873,28.8,37.7
4874,4874,24.1,55.7
4875,4875,14.9,41.8
4876,4876,24.5,42.8
4877,4877,14.8,51.0
4878,4878,18.6,48.3
4879,4879,22.6,49.9
4880,4880,13.1,41.5
4881,4881,10.4,31.7
4882,4882,23.8,60.4
4883,4883,19.5,35.0
4884,4884,15.9,24.1
4885,4885,17.9,45
4886,4886,12.3,34.1
4887,4887,15.0,20.5
4888,4888,17.5,23.0
4889,4889,10.6,30.1
4890,4890,17.7,42
4891,4891,12.3,23.1
4892,4892,9.4,34.7
4893,4893,14.0,33.2
4894,4894,15.7,26.4
4895,4895,20.3,21.4
4896,4896,18.7,42.4
4897,4897,13.2,14.2
4898,4898,12.1,16.4
4899,4899,16.2,38.5
4900,4900,18.5,37.3
4901,4901,15.7,26.8
4902,4902,18.3,42.8
4903,4903,15.5,50.2
4904,4904,16.0,42.3
4905,4905,16.6,32.8
4906,4906,14.5,44.6
4907,4907,24.4,51.4
4908,4908,16.9,46.6
4909,4909,20.0,47.9
4910,4910,21.8,41.7
4911,4911,25.8,53.1
4912,4912,26.7,47.4
4913,4913,24.3,55.9
4914,4914,23.2,54.1
4915,4915,23.9,58.5
4916,4916,25.8,60.4
4917,4917,26.8,64.7
4918,4918,28.3,62.5
4919,4919,26.0,50.8
4920,4920,23.1,47.7
4921,4921,14.9,45.2
4922,4922,22.2,31.4
4923,4923,15.3,43.4
4924,4924,17.8,38.1
4925,4925,20.0,49.7
4926,4926,23.3,30.9
4927,4927,22.6,38.4
4928,4928,18.3,35.5
4929,4929,30,56.6
4930,4930,26.0,56.7
4931,4931,23.7,50.0
4932,4932,23.3,49.4
4933,4933,23.5,66.2
4934,4934,22.2,51.3
4935,4935,27.8,41.9
4936,4936,24.3,48.7
4937,4937,29.7,51.1
4938,4938,21.3,58.4
4939,4939,22.6,46.3
4940,4940,26.1,49.7
4941,4941,20.8,43.3
4942,4942,18.3,58.8
4943,4943,22.6,70
4944,4944,26.3,42.9
4945,4945,18.9,55.3
4946,4946,26.4,54.6
4947,4947,22.3,53.9
4948,4948,25.9,56.9
4949,4949,28.5,54.3
4950,4950,24.0,70
4951,4951,25.5,54.0
4952,4952,30,45.9
4953,4953,28.2,44.1
4954,4954,22.4,51.9
4955,4955,29.4,42.8
4956,4956,22.0,47.6
4957,4957,25.0,43.3
4958,4958,25.5,44.7
4959,4959,24.7,53.8
4960,4960,20.3,49.4
4961,4961,25.1,68.8
4962,4962,27.6,54.4
4963,4963,23.7,59.2
4964,4964,20.9,50.2
4965,4965,21.3,45.7
4966,4966,17.1,55.1
4967,4967,22.3,43.9
4968,4968,15.1,40.2
4969,4969,20.4,37.9
4970,4970,13.6,39.2
4971,4971,19.8,47.2
4972,4972,17.4,26.5
4973,4973,28.0,35.8
4974,4974,28.2,52.9
4975,4975,21.5,43.7
4976,4976,21.7,50.4
4977,4977,25.4,51.6
4978,4978,25.2,70
4979,4979,21.9,43.7
4980,4980,21.7,55.7
4981,4981,16.6,41.7
4982,4982,22.7,58.4
4983,4983,23.3,58.7
4984,4984,24.3,56.0
4985,4985,28.3,55.0
4986,4986,27.1,51.0
4987,4987,23.0,58.0
4988,4988,29.3,57.4
4989,4989,30,69.7
4990,4990,27.0,60.7
4991,4991,28.3,51.6
4992,4992,24.0,51.2
4993,4993,21.5,18.0
4994,4994,17.9,38.6
4995,4995,18.6,56.8
4996,4996,16.8,37.4
4997,4997,23.4,35.5
4998,4998,23.6,27.9
4999,4999,20.8,34.2
5000,5000,10.8,35.0
